Year,Carrier Name,Carrier's Operation Region,General Managers,Pilots and Copilots,Other Flight Personnel,Passenger/General Services & Administration,Maintenance Employees,Aircraft Traffic Handling Group 1 Employees,General Aircraft Traffic Handling Employees,Aircraft Control Employees,Passenger Handling Employees,Cargo Handling Employees,Trainees and Instructor,Statistical Employees,Traffic Soliciters,Other Employees,Transport Related Employees,Total Employees
2014,ABX Air Inc,Domestic,27,217,47,0,156,0,4,0,0,2,20,5,3,16,4,501
2014,Air Transport International,Domestic,1,33,0,13,19,0,6,0,0,2,2,3,0,12,0,91
2014,Air Transport International,International,1,61,0,25,34,0,10,0,0,3,4,5,3,18,0,164
2014,Air Wisconsin Airlines Corp,Domestic,176,787,0,366,208,0,22,35,156,0,13,58,0,73,0,1894
2014,Alaska Airlines Inc.,Domestic,13,1534,65,3278,684,0,1942,156,618,318,81,268,173,1241,0,10371
2014,Alaska Airlines Inc.,Latin America,1,0,0,0,0,0,0,0,88,0,6,5,0,0,0,100
2014,Allegiant Air,Domestic,23,469,84,601,158,122,0,49,119,0,57,81,10,165,0,1938
2014,Aloha Air Cargo,Domestic,9,46,5,0,97,0,0,7,0,222,4,10,10,9,0,419
2014,American Airlines Inc.,Atlantic,2,1087,0,3069,524,0,1,5,261,217,21,396,73,0,0,5656
2014,American Airlines Inc.,Domestic,24,4948,0,7225,9034,0,46,169,9016,7487,220,4247,782,0,0,43198
2014,American Airlines Inc.,Latin America,4,1976,0,4257,1165,0,5,19,1045,868,34,658,121,0,0,10152
2014,American Airlines Inc.,Pacific,1,576,0,1398,184,0,0,1,76,63,9,179,34,0,0,2521
2014,Amerijet International,Domestic,1,8,2,9,10,0,7,1,0,20,0,7,7,0,1,73
2014,Amerijet International,Latin America,6,61,19,66,77,0,48,7,0,149,0,48,50,1,10,542
2014,Asia Pacific,System,9,15,0,0,11,3,0,0,0,0,0,4,0,0,0,42
2014,Atlas Air Inc.,Domestic,200,861,60,126,102,0,0,19,0,98,25,23,28,6,0,1548
2014,Atlas Air Inc.,International,21,87,5,12,9,0,0,1,0,9,3,3,3,0,0,153
2014,Avjet Corporation,Domestic,9,58,2,18,25,0,0,0,16,3,1,15,0,12,4,163
2014,Casino Express,Domestic,9,15,2,20,10,4,0,0,0,0,0,3,0,4,0,67
2014,Centurion Cargo Inc.,Latin America,83,50,21,0,131,0,1,2,0,264,3,76,15,239,0,885
2014,Chautauqua Airlines Inc.,Domestic,0,21,0,15,1,0,5,0,0,0,1,0,0,0,0,43
2014,Compass Airlines,System,0,637,0,502,124,0,4,45,0,0,30,6,0,118,0,1466
2014,Delta Air Lines Inc.,Atlantic,54,1703,0,2983,1311,0,615,104,3243,260,104,132,188,1658,0,12355
2014,Delta Air Lines Inc.,Domestic,221,6980,0,12227,5373,0,2521,427,13290,1064,425,542,771,6796,0,50637
2014,Delta Air Lines Inc.,Latin America,37,1156,0,2025,890,0,418,71,2201,176,70,90,128,1126,0,8388
2014,Delta Air Lines Inc.,Pacific,29,902,0,1581,695,0,326,55,1718,138,55,70,100,879,0,6548
2014,Endeavor Air Inc.,Domestic,4,1441,27,946,904,0,0,84,0,0,142,93,0,54,0,3695
2014,Envoy Air,Domestic,857,2196,0,1255,877,0,1999,0,3234,0,64,0,0,132,0,10614
2014,Envoy Air,Latin America,21,54,0,31,22,0,49,0,80,0,2,0,0,3,0,262
2014,ExpressJet Airlines Inc.,Domestic,0,3826,0,2068,1929,0,0,156,75,0,105,40,0,0,0,8199
2014,ExpressJet Airlines Inc.,Latin America,0,118,0,64,60,0,0,5,0,0,3,0,0,0,0,250
2014,Falcon Air Express,Domestic,4,17,0,24,22,26,0,0,0,0,2,2,0,4,0,101
2014,Falcon Air Express,International,3,15,0,23,20,24,0,0,0,0,1,1,0,3,0,90
2014,Federal Express Corporation,Atlantic,1955,540,48,0,734,0,717,1037,0,545,42,60,225,9052,8806,23761
2014,Federal Express Corporation,Domestic,758,2537,136,0,1081,0,248,47,0,11728,44,11,3,4345,66065,87003
2014,Federal Express Corporation,Latin America,1213,93,5,0,429,0,279,58,0,6308,25,42,105,5896,4489,18942
2014,Federal Express Corporation,Pacific,1398,847,51,0,862,0,648,240,0,45,34,37,98,7874,9458,21592
2014,Florida West Airlines Inc.,Domestic,0,2,0,0,0,0,0,0,0,0,0,0,0,0,0,2
2014,Florida West Airlines Inc.,International,13,30,0,0,5,0,5,0,0,5,0,11,0,0,0,69
2014,Frontier Airlines Inc.,Domestic,18,750,0,1013,208,0,47,11,1418,0,15,209,0,9,0,3698
2014,Frontier Airlines Inc.,Latin America,1,47,0,64,13,0,3,1,90,0,1,13,0,1,0,234
2014,GoJet Airlines LLC d/b/a United Express,System,0,534,0,530,52,0,2,55,0,0,125,0,0,44,0,1342
2014,Gulf And Caribbean Cargo,Domestic,2,24,2,0,4,4,0,0,0,0,0,2,0,0,0,38
2014,Gulf And Caribbean Cargo,International,2,38,3,0,7,7,0,0,0,0,0,4,0,0,0,61
2014,Hawaiian Airlines Inc.,Domestic,49,407,0,1127,271,0,237,82,745,443,17,155,75,41,0,3649
2014,Hawaiian Airlines Inc.,Pacific,23,192,0,530,128,0,112,38,351,209,8,73,36,19,0,1719
2014,Horizon Air,Domestic,8,679,10,560,456,0,26,32,930,34,61,12,2,7,0,2817
2014,Island Air Hawaii,Domestic,20,58,0,47,34,143,0,0,0,0,0,10,1,16,2,331
2014,JetBlue Airways,Domestic,33,2115,5,2279,609,0,89,190,4066,33,228,284,141,1009,0,11081
2014,JetBlue Airways,Latin America,0,451,1,485,130,0,27,41,866,0,0,60,30,215,0,2306
2014,Kalitta Air LLC,Domestic,0,5,1,0,8,0,1,1,0,1,1,1,0,0,0,19
2014,Kalitta Air LLC,International,12,259,40,0,463,0,52,73,0,55,24,87,0,18,0,1083
2014,Kalitta Charters II,Domestic,3,36,1,2,16,0,9,0,0,0,1,5,0,2,0,75
2014,Kalitta Charters II,International,1,12,0,0,5,0,3,0,0,0,0,2,0,1,0,24
2014,Lynden Air Cargo Airlines,System,6,50,25,0,35,25,0,0,0,0,0,30,0,3,0,174
2014,Mesa Airlines Inc.,Domestic,72,1003,0,733,264,0,35,36,0,0,6,86,0,65,0,2300
2014,Mesa Airlines Inc.,Latin America,1,10,0,7,3,0,0,0,0,0,0,1,0,1,0,23
2014,Miami Air International,Domestic,8,46,0,74,31,0,16,7,0,0,1,21,5,0,0,209
2014,Miami Air International,International,5,29,0,48,20,0,10,5,0,0,1,13,4,0,0,135
2014,Northern Air Cargo Inc.,Domestic,9,38,1,0,31,78,0,0,0,0,13,20,6,24,81,301
2014,Northern Air Cargo Inc.,International,1,2,0,0,2,6,0,0,0,0,1,2,1,2,6,0
2014,Omni Air Express,Domestic,2,31,0,42,21,0,3,5,0,0,1,6,1,3,0,115
2014,Omni Air Express,International,11,199,0,271,131,0,21,31,0,0,9,38,3,16,0,730
2014,PSA Airlines Inc.,Domestic,5,662,22,383,133,0,43,21,0,0,84,42,0,402,0,1797
2014,Polar Air Cargo Airways,Atlantic,0,0,0,0,0,0,0,0,0,0,0,0,1,0,0,1
2014,Polar Air Cargo Airways,Domestic,4,0,0,1,1,0,0,3,0,16,0,1,32,0,0,58
2014,Polar Air Cargo Airways,Pacific,7,0,0,2,2,0,0,4,0,26,0,2,51,1,0,95
2014,Republic Airlines,Domestic,0,1236,0,1333,411,0,83,0,10,0,21,0,0,0,0,3094
2014,Shuttle America Corp.,Domestic,1,997,0,953,597,0,78,0,9,0,26,0,0,0,0,2661
2014,SkyWest Airlines Inc.,Domestic,8,3138,0,2666,1413,0,1301,117,53,0,196,33,0,414,0,9339
2014,SkyWest Airlines Inc.,Latin America,0,25,0,42,22,0,20,2,1,0,3,1,0,7,0,123
2014,Southwest Airlines Co.,Domestic,1353,7416,0,10575,2145,0,9013,287,8208,454,96,985,12,3148,0,43692
2014,Southwest Airlines Co.,Latin America,15,81,0,116,23,0,98,3,90,5,1,11,0,34,0,477
2014,Spirit Air Lines,Domestic,592,943,0,1309,184,0,0,0,433,0,33,9,0,222,0,3725
2014,Spirit Air Lines,Latin America,70,111,0,154,22,0,0,0,51,0,4,1,0,26,0,439
2014,Tatonduk Outfitters Limited d/b/a Everts Air Alaska and Everts Air Cargo,Domestic,13,47,9,1,99,81,0,0,0,0,2,38,3,26,0,319
2014,US Airways Inc.,Atlantic,19,359,0,626,273,0,478,13,394,14,5,190,135,155,0,2661
2014,US Airways Inc.,Domestic,197,3790,0,6604,2883,0,5051,142,4163,145,55,2006,1430,1641,0,28107
2014,US Airways Inc.,Latin America,15,280,0,487,213,0,373,10,307,11,4,148,106,121,0,2075
2014,USA Jet Airlines Inc.,Domestic,2,52,14,0,51,0,0,0,0,14,5,9,0,48,87,282
2014,United Air Lines Inc.,Atlantic,19,1633,0,3284,46,0,272,0,4358,61,0,0,104,0,0,9777
2014,United Air Lines Inc.,Domestic,713,6578,0,13224,6307,0,9885,1275,17550,242,346,2876,286,646,0,59928
2014,United Air Lines Inc.,Latin America,5,1152,0,2316,131,0,487,0,3074,42,0,1,55,0,0,7263
2014,United Air Lines Inc.,Pacific,12,1200,0,2414,221,0,332,0,3203,44,0,0,78,0,0,7504
2014,United Parcel Service,Atlantic,0,344,0,0,253,0,17,14,0,0,21,84,4,14,0,751
2014,United Parcel Service,Domestic,0,1453,0,0,1069,0,71,59,0,0,90,356,16,60,0,3174
2014,United Parcel Service,Latin America,0,151,0,0,111,0,7,6,0,0,9,37,2,6,0,329
2014,United Parcel Service,Pacific,0,525,0,0,386,0,26,21,0,0,32,129,6,22,0,1147
2014,Virgin America,Domestic,16,542,5,760,209,0,7,52,560,0,71,35,5,175,0,2437
2014,Virgin America,Latin America,1,11,0,16,4,0,0,2,11,0,2,1,0,4,0,52
2014,Western Global,Domestic,6,33,0,0,23,12,0,10,0,0,7,0,0,11,0,102
2014,Western Global,International,0,0,0,0,0,0,0,0,0,0,0,0,0,0,0,0
2023,21 Air LLC,Domestic,12,43,11,0,19,0,30,0,0,0,0,0,0,0,0,115
2023,21 Air LLC,International,0,0,0,0,0,0,0,0,0,0,0,0,0,0,0,0
2023,ABX Air Inc,Atlantic,2,22,3,0,10,0,1,2,0,0,1,3,0,1,0,45
2023,ABX Air Inc,Domestic,24,250,38,0,112,0,6,20,0,0,15,28,0,6,5,504
2023,Air Transport International,Domestic,49,521,0,0,260,0,0,41,0,12,8,62,2,130,0,1085
2023,Air Transport International,International,3,47,0,41,54,0,0,2,0,0,0,3,0,8,0,158
2023,Air Wisconsin Airlines Corp,Domestic,102,393,0,202,137,0,21,34,0,0,10,77,0,67,0,1043
2023,Alaska Airlines Inc.,Domestic,23,3192,6262,108,902,0,3185,256,1158,520,142,448,283,2036,0,18515
2023,Alaska Airlines Inc.,Latin America,2,281,551,9,79,0,280,23,102,46,13,39,25,179,0,1629
2023,Allegiant Air,Domestic,49,1128,67,2073,657,447,0,146,188,0,55,155,58,227,0,5250
2023,American Airlines Inc.,Atlantic,12,2756,0,4587,2900,0,0,144,2419,3242,180,2464,318,0,0,19022
2023,American Airlines Inc.,Domestic,39,9464,0,15747,9958,0,0,493,8306,11132,620,8461,1091,0,0,65311
2023,American Airlines Inc.,Latin America,10,2257,0,3755,2374,0,0,118,1980,2654,148,2018,260,0,0,15574
2023,American Airlines Inc.,Pacific,2,475,0,790,499,0,0,25,416,558,31,424,55,0,0,3275
2023,Amerijet International,Atlantic,1,13,3,0,10,0,2,0,0,17,2,6,3,2,0,59
2023,Amerijet International,Domestic,8,135,29,0,110,0,19,0,0,204,16,63,37,20,0,641
2023,Amerijet International,Latin America,4,56,12,0,41,0,8,0,0,70,7,26,12,8,0,244
2023,Amerijet International,Pacific,2,35,7,0,15,0,5,0,0,10,4,17,0,5,0,100
2023,Asia Pacific,System,7,25,1,0,29,0,0,5,0,0,2,3,0,0,0,72
2023,Atlas Air Inc.,Domestic,367,2656,175,310,312,0,0,61,0,353,56,62,42,22,0,4416
2023,Atlas Air Inc.,International,10,71,5,8,8,0,0,2,0,9,1,2,1,1,0,118
2023,Breeze Aviation Group DBA  Breeze,Domestic,8,428,43,0,93,17,37,0,572,0,51,6,0,258,0,1513
2023,"Caribbean Sun Airlines, Inc. d/b/a World Atlantic Airlines",Domestic,11,21,35,0,20,0,6,9,10,0,0,11,0,9,0,132
2023,"Caribbean Sun Airlines, Inc. d/b/a World Atlantic Airlines",International,7,15,23,0,14,0,4,6,10,0,0,8,0,6,0,93
2023,CommuteAir LLC dba CommuteAir,Domestic,10,392,0,182,242,0,6,98,0,0,34,59,0,142,0,1165
2023,Delta Air Lines Inc.,Atlantic,94,2125,0,3646,1454,0,983,149,3356,228,412,181,273,2545,0,15446
2023,Delta Air Lines Inc.,Domestic,439,9889,0,16966,6767,0,4573,694,15616,1062,1915,842,1271,11845,0,71879
2023,Delta Air Lines Inc.,Latin America,47,1063,0,1824,727,0,492,75,1679,114,206,91,137,1273,0,7728
2023,Delta Air Lines Inc.,Pacific,21,466,0,800,319,0,216,33,736,50,90,40,60,558,0,3389
2023,"Eastern Air Express, LLC (EAX)",Domestic,4,19,31,0,9,5,0,0,0,0,1,1,0,7,0,77
2023,"Eastern Air Express, LLC (EAX)",International,0,0,0,0,0,0,0,0,0,0,0,0,0,0,0,0
2023,"Eastern Airlines f/k/a Dynamic Airways, LLC",Domestic,12,36,47,8,9,19,0,0,0,0,2,13,0,23,0,169
2023,"Eastern Airlines f/k/a Dynamic Airways, LLC",International,6,18,24,4,5,10,0,0,0,0,1,7,0,12,0,87
2023,Endeavor Air Inc.,Domestic,10,1375,1559,24,1064,0,0,76,0,0,227,112,0,88,0,4535
2023,Envoy Air,Domestic,1527,1649,0,1616,1278,0,3492,0,5328,0,335,0,0,129,0,15354
2023,Envoy Air,Latin America,102,110,0,108,85,0,233,0,356,0,22,0,0,9,0,1026
2023,Federal Express Corporation,Atlantic,1952,688,24,0,608,0,959,633,0,900,27,42,130,9370,34249,49582
2023,Federal Express Corporation,Domestic,937,3313,117,0,1164,0,292,75,0,13575,25,8,2,3905,82745,106158
2023,Federal Express Corporation,Latin America,903,128,10,0,242,0,339,401,0,9221,12,19,87,4535,8533,24430
2023,Federal Express Corporation,Pacific,2429,1216,49,0,1013,0,1199,515,0,12,33,48,162,13141,17225,37042
2023,Frontier Airlines Inc.,Domestic,29,1946,0,3278,716,0,147,11,0,0,57,288,0,194,0,6666
2023,Frontier Airlines Inc.,Latin America,2,166,0,280,61,0,12,1,0,0,5,25,0,17,0,569
2023,GoJet Airlines LLC d/b/a United Express,System,0,247,134,0,185,0,2,50,0,0,46,25,0,168,0,857
2023,Gulf And Caribbean Cargo,Domestic,2,30,6,0,7,6,0,0,0,0,0,6,0,0,0,57
2023,Gulf And Caribbean Cargo,International,3,41,8,0,10,8,0,0,0,0,0,8,0,0,0,78
2023,Hawaiian Airlines Inc.,Domestic,93,815,0,1600,512,0,270,153,759,500,37,415,137,93,0,5384
2023,Hawaiian Airlines Inc.,Pacific,34,302,0,592,190,0,100,57,281,185,14,154,50,35,0,1994
2023,Horizon Air,Domestic,14,565,510,16,181,45,56,1622,58,0,105,23,0,13,0,3208
2023,"Jet Aviation Flight Services, Inc.",Domestic,1,342,0,64,100,11,0,0,0,0,0,2,0,0,331,851
2023,JetBlue Airways,Atlantic,2,186,1,249,46,0,4,19,246,0,0,12,6,69,0,840
2023,JetBlue Airways,Domestic,35,3177,22,4248,791,0,92,318,4200,49,552,197,109,1169,0,14959
2023,JetBlue Airways,Latin America,12,1051,7,1404,262,0,61,105,1389,0,0,66,36,386,0,4779
2023,Kalitta Air LLC,Domestic,1,51,1,0,75,0,17,12,0,7,23,9,0,8,0,204
2023,Kalitta Air LLC,International,7,680,8,0,991,0,224,162,0,94,299,124,0,107,0,2696
2023,Kalitta Charters II,Domestic,6,67,8,4,34,9,5,0,0,3,10,9,6,0,0,161
2023,Kalitta Charters II,International,0,0,0,0,0,0,0,0,0,0,0,0,0,0,0,0
2023,Lynden Air Cargo Airlines,Domestic,4,42,24,0,48,0,0,9,0,20,0,32,0,0,0,179
2023,Lynden Air Cargo Airlines,International,1,16,9,0,18,0,0,4,0,7,0,12,0,0,0,67
2023,Mesa Airlines Inc.,Domestic,120,707,0,589,286,0,52,22,0,0,21,94,0,81,2010,3982
2023,Mesa Airlines Inc.,Latin America,14,83,0,69,33,0,6,3,0,0,2,11,0,10,236,467
2023,National Air Cargo Group Inc d/ba National Airlines,Domestic,1,12,1,26,4,0,2,1,0,2,1,1,1,3,0,55
2023,National Air Cargo Group Inc d/ba National Airlines,International,8,84,10,33,65,0,25,13,0,35,8,16,15,50,0,362
2023,Omni Air International LLC,Domestic,1,17,0,17,12,0,1,3,1,0,1,4,0,1,0,58
2023,Omni Air International LLC,International,21,297,0,312,210,0,9,62,18,0,12,67,2,12,0,1022
2023,PSA Airlines Inc.,Domestic,9,1515,75,1163,507,0,97,52,0,0,165,209,0,316,0,4109
2023,Piedmont Airlines,Domestic,7,678,0,322,366,0,0,57,5,0,61,84,0,807,0,2387
2023,Polar Air Cargo Airways,Atlantic,0,0,0,0,0,0,0,0,0,0,0,0,0,0,0,0
2023,Polar Air Cargo Airways,Domestic,28,0,0,2,0,0,0,0,0,38,0,4,51,1,0,124
2023,Polar Air Cargo Airways,Pacific,15,0,0,0,0,0,0,0,0,44,0,0,87,0,0,146
2023,Republic Airline,Domestic,105,1927,7,1866,898,0,0,208,9,0,90,262,0,109,0,5481
2023,Silver Airways,Domestic,42,106,0,88,86,28,0,0,203,0,22,0,0,60,0,635
2023,Silver Airways,International,0,0,0,0,0,0,0,0,41,0,0,0,0,0,0,41
2023,Sky Lease Cargo,Domestic,5,52,20,0,11,126,0,11,0,115,0,0,0,55,0,395
2023,SkyWest Airlines Inc.,Domestic,6,4374,0,4006,2127,0,241,169,931,0,74,76,0,190,0,12194
2023,SkyWest Airlines Inc.,Latin America,0,36,0,33,18,0,2,1,8,0,1,1,0,2,0,102
2023,Southwest Airlines Co.,Domestic,2190,9786,0,18692,2815,0,1582,473,11040,13503,290,943,11,7042,0,68367
2023,Southwest Airlines Co.,Latin America,54,243,0,464,70,0,39,12,274,335,7,23,0,175,0,1696
2023,Spirit Air Lines,Domestic,335,3187,0,5553,667,0,0,90,262,334,80,36,0,1228,0,11772
2023,Spirit Air Lines,Latin America,52,493,0,859,103,0,0,14,41,52,12,5,0,190,0,1821
2023,Sun Country Airlines d/b/a MN Airlines,Domestic,88,551,0,663,321,0,227,29,13,2,0,50,143,36,0,2123
2023,Sun Country Airlines d/b/a MN Airlines,Latin America,10,65,0,79,38,0,27,3,1,0,0,6,17,4,0,250
2023,"Swift Air, LLC d/b/a Eastern Air Lines d/b/a Eastern",Domestic,9,74,0,125,105,0,88,24,17,2,11,34,1,38,0,528
2023,"Swift Air, LLC d/b/a Eastern Air Lines d/b/a Eastern",International,2,16,0,27,23,0,19,5,4,0,2,7,0,8,0,113
2023,TEM Enterprises dba  Avelo Airlines,System,17,144,95,192,67,0,0,32,50,0,9,24,11,37,0,678
2023,Tatonduk Outfitters Limited d/b/a Everts Air Alaska and Everts Air Cargo,Domestic,7,36,25,0,96,82,0,0,0,0,10,42,3,59,0,360
2023,USA Jet Airlines Inc.,Domestic,7,61,0,0,63,0,0,24,0,31,5,21,0,7,0,219
2023,United Air Lines Inc.,Atlantic,75,2078,0,3498,1137,0,1682,217,4026,58,170,452,85,77,0,13555
2023,United Air Lines Inc.,Domestic,329,9154,0,15406,5010,0,7408,958,17734,254,750,1992,373,339,0,59707
2023,United Air Lines Inc.,Latin America,61,1703,0,2865,932,0,1378,178,3298,47,139,371,69,63,0,11104
2023,United Air Lines Inc.,Pacific,47,1318,0,2219,722,0,1067,138,2554,37,108,287,54,49,0,8600
2023,United Parcel Service,Atlantic,0,486,0,0,358,0,17,23,0,0,24,89,2,10,0,1009
2023,United Parcel Service,Domestic,0,2142,0,0,1578,0,76,101,0,0,106,394,8,44,0,4449
2023,United Parcel Service,Latin America,0,146,0,0,107,0,5,7,0,0,7,27,1,3,0,302
2023,United Parcel Service,Pacific,0,556,0,0,409,0,20,26,0,0,27,102,2,12,0,1154
2023,"Western Air Charter, Inc.  d/b/a  Jet Edge",Domestic,6,150,0,58,0,18,0,0,0,0,0,7,0,0,0,239
2023,"Western Air Charter, Inc.  d/b/a  Jet Edge",International,0,0,0,0,0,0,0,0,0,0,0,0,0,0,0,0
2023,Western Global,Domestic,13,94,0,0,88,0,15,13,0,30,3,12,0,5,0,273
2024,21 Air LLC,Domestic,11,105,14,0,35,0,12,13,0,10,3,5,0,9,0,217
2024,21 Air LLC,International,0,0,0,0,0,0,0,0,0,0,0,0,0,0,0,0
2024,ABX Air Inc,Atlantic,1,25,3,0,16,0,0,2,0,0,2,3,0,1,0,53
2024,ABX Air Inc,Domestic,14,279,33,0,177,0,6,23,0,0,17,32,1,7,5,594
2024,Air Transport International,Domestic,47,460,0,0,288,0,0,38,0,13,11,57,3,138,0,1055
2024,Air Transport International,International,3,51,0,36,43,0,0,2,0,1,1,4,0,8,0,149
2024,Air Wisconsin Airlines Corp,Domestic,99,337,0,149,167,0,23,30,0,0,7,82,0,62,0,956
2024,Alaska Airlines Inc.,Domestic,23,3112,6338,108,970,0,3172,255,1153,518,142,446,282,2026,0,18545
2024,Alaska Airlines Inc.,Latin America,2,289,589,10,90,0,295,24,107,48,13,42,26,188,0,1723
2024,Allegiant Air,Domestic,52,1342,61,2084,696,624,0,135,178,0,76,141,49,202,0,5640
2024,American Airlines Inc.,Atlantic,13,2570,0,4479,2957,0,0,141,2173,3183,161,2306,299,0,0,18282
2024,American Airlines Inc.,Domestic,44,9112,0,15878,10485,0,0,500,7703,11285,569,8174,1059,0,0,64809
2024,American Airlines Inc.,Latin America,11,2189,0,3814,2518,0,0,120,1850,2710,137,1963,254,0,0,15566
2024,American Airlines Inc.,Pacific,3,565,0,984,650,0,0,31,477,699,35,507,66,0,0,4017
2024,Amerijet International,Atlantic,1,12,3,0,8,0,3,0,0,15,1,5,2,1,0,51
2024,Amerijet International,Domestic,5,81,18,0,87,0,20,0,0,148,8,33,25,8,0,433
2024,Amerijet International,Latin America,4,63,14,0,44,0,16,0,0,75,6,25,13,6,0,266
2024,Amerijet International,Pacific,2,42,8,0,0,0,11,0,0,0,4,17,0,4,0,88
2024,Asia Pacific,System,7,38,2,0,33,0,0,7,0,0,0,3,0,1,0,91
2024,Atlas Air Inc.,Domestic,359,2726,164,297,319,0,0,65,0,275,50,36,45,22,0,4358
2024,Atlas Air Inc.,International,14,104,6,11,12,0,0,2,0,10,2,1,2,1,0,165
2024,Breeze Aviation Group DBA  Breeze,Domestic,9,552,46,0,121,24,66,0,809,0,51,8,0,283,0,1969
2024,"Caribbean Sun Airlines, Inc. d/b/a World Atlantic Airlines",Domestic,1,2,4,0,2,0,3,1,2,0,0,1,0,3,0,19
2024,"Caribbean Sun Airlines, Inc. d/b/a World Atlantic Airlines",International,19,29,49,0,30,0,37,9,24,0,0,14,0,40,0,251
2024,CommuteAir LLC dba CommuteAir,Domestic,12,431,0,194,274,0,4,103,0,0,33,61,0,147,0,1259
2024,Delta Air Lines Inc.,Atlantic,87,2262,0,3729,1399,0,978,144,3194,225,255,171,243,2365,0,15052
2024,Delta Air Lines Inc.,Domestic,421,10960,0,18065,6776,0,4739,698,15474,1091,1237,827,1178,11456,0,72922
2024,Delta Air Lines Inc.,Latin America,50,1289,0,2124,797,0,557,82,1819,128,145,97,138,1347,0,8573
2024,Delta Air Lines Inc.,Pacific,25,658,0,1084,407,0,284,42,929,65,74,50,71,688,0,4377
2024,"Eastern Air Express, LLC (EAX)",Domestic,4,39,44,0,8,31,0,0,0,0,1,2,0,8,0,137
2024,"Eastern Air Express, LLC (EAX)",International,2,14,16,0,3,11,0,0,0,0,0,1,0,3,0,50
2024,"Eastern Airlines f/k/a Dynamic Airways, LLC",Domestic,6,32,50,6,16,13,0,0,0,0,2,4,0,13,0,142
2024,"Eastern Airlines f/k/a Dynamic Airways, LLC",International,4,22,34,4,11,9,0,0,0,0,1,3,0,9,0,97
2024,Endeavor Air Inc.,Domestic,11,1282,1587,25,1053,0,0,160,0,0,214,34,0,88,0,4454
2024,Envoy Air,Domestic,1637,2021,0,1918,1416,0,3691,0,5739,0,184,0,0,134,0,16740
2024,Envoy Air,Latin America,59,72,0,69,51,0,132,0,206,0,7,0,0,5,0,601
2024,Federal Express Corporation,Atlantic,1668,599,18,0,317,0,441,417,0,457,15,17,108,9444,34594,48095
2024,Federal Express Corporation,Domestic,1032,3152,102,0,1047,0,283,70,0,14561,27,5,2,4840,192348,217469
2024,Federal Express Corporation,Latin America,1045,158,12,0,220,0,210,234,0,6441,8,10,92,6398,9580,24408
2024,Federal Express Corporation,Pacific,2555,1163,47,0,789,0,660,255,0,12,24,24,166,15777,17376,38848
2024,Frontier Airlines Inc.,Domestic,25,2110,0,3949,807,0,147,14,0,0,58,298,0,205,0,7613
2024,Frontier Airlines Inc.,Latin America,1,90,0,169,34,0,6,1,0,0,2,13,0,9,0,325
2024,"Global Crossing Airlines, Inc.",Domestic,79,139,0,148,98,0,76,32,16,8,0,0,3,0,0,599
2024,GoJet Airlines LLC d/b/a United Express,Domestic,0,290,118,0,196,0,6,44,0,0,72,23,0,177,0,926
2024,Gulf And Caribbean Cargo,Domestic,2,33,4,0,7,6,0,0,0,0,0,4,0,0,0,56
2024,Gulf And Caribbean Cargo,International,3,52,5,0,11,10,0,0,0,0,0,6,0,0,0,87
2024,Hawaiian Airlines Inc.,Domestic,95,860,0,1656,560,0,283,164,771,545,33,426,138,95,0,5626
2024,Hawaiian Airlines Inc.,Pacific,30,271,0,523,177,0,89,52,243,172,10,135,43,30,0,1775
2024,Horizon Air,Domestic,15,642,561,17,174,0,47,58,1680,60,109,24,0,13,0,3400
2024,"Jet Aviation Flight Services, Inc.",Domestic,2,431,0,81,168,46,0,0,0,0,0,20,0,0,151,899
2024,JetBlue Airways,Atlantic,2,180,1,232,46,0,8,17,204,0,0,11,6,67,0,774
2024,JetBlue Airways,Domestic,34,3220,19,4165,819,0,91,297,3653,48,338,199,103,1192,0,14178
2024,JetBlue Airways,Latin America,12,1131,7,1462,288,0,62,104,1282,0,0,70,36,418,0,4872
2024,Kalitta Air LLC,Domestic,0,35,1,0,47,0,14,7,0,4,12,5,0,5,0,130
2024,Kalitta Air LLC,International,5,836,14,0,1139,0,346,180,0,102,290,130,0,115,0,3157
2024,Kalitta Charters II,Domestic,6,66,7,4,29,8,7,0,0,4,10,13,6,0,0,160
2024,Kalitta Charters II,International,0,0,0,0,0,0,0,0,0,0,0,0,0,0,0,0
2024,Lynden Air Cargo Airlines,Domestic,3,35,22,0,45,0,0,9,0,14,0,33,0,0,0,161
2024,Lynden Air Cargo Airlines,International,2,16,10,0,21,0,0,4,0,7,0,15,0,0,0,75
2024,Mesa Airlines Inc.,Domestic,111,567,0,526,224,0,55,23,0,0,17,89,0,71,1687,3370
2024,Mesa Airlines Inc.,Latin America,3,16,0,15,7,0,2,1,0,0,1,3,0,2,49,99
2024,National Air Cargo Group Inc d/ba National Airlines,Domestic,1,26,1,47,6,0,2,1,0,2,1,1,1,4,0,93
2024,National Air Cargo Group Inc d/ba National Airlines,International,9,91,13,35,89,0,30,14,0,32,12,21,19,51,0,416
2024,Omni Air International LLC,Domestic,2,25,0,27,18,0,1,5,1,0,1,5,0,1,0,86
2024,Omni Air International LLC,International,18,286,0,303,199,0,10,60,16,0,9,59,2,10,0,972
2024,PSA Airlines Inc.,Domestic,11,1609,81,1316,643,0,115,60,0,0,168,215,0,335,0,4553
2024,Piedmont Airlines,Domestic,7,703,0,336,428,0,0,62,5386,0,70,83,0,805,0,7880
2024,Polar Air Cargo Airways,Domestic,18,0,0,1,1,0,0,0,0,27,0,0,42,0,0,89
2024,Polar Air Cargo Airways,International,19,0,0,1,2,0,0,0,0,30,0,0,46,1,0,99
2024,Republic Airline,Domestic,131,2198,8,2126,901,0,0,225,10,0,84,254,0,110,0,6047
2024,"Scott Aviation, LLC  d/b/a  Silver Air",Domestic,0,44,0,62,2,10,0,0,0,0,0,0,0,0,0,118
2024,"Scott Aviation, LLC  d/b/a  Silver Air",International,0,0,0,0,0,0,0,0,0,0,0,0,0,0,0,0
2024,Silver Airways,Domestic,34,123,71,6,76,53,0,24,149,0,6,6,0,49,0,597
2024,Silver Airways,International,0,0,0,0,0,8,0,0,32,0,0,0,0,0,0,40
2024,Sky Lease Cargo,Domestic,9,49,18,0,13,0,0,15,0,130,0,0,0,58,0,292
2024,SkyWest Airlines Inc.,Domestic,6,4969,0,4446,2310,0,260,195,973,0,77,84,0,210,0,13530
2024,SkyWest Airlines Inc.,Latin America,0,79,0,70,37,0,4,3,15,0,1,1,0,3,0,213
2024,Southwest Airlines Co.,Domestic,2279,10409,0,19373,2941,0,1575,511,10310,13753,285,890,11,7480,0,69817
2024,Southwest Airlines Co.,Latin America,58,265,0,493,75,0,40,13,262,350,7,23,0,190,0,1776
2024,Spirit Air Lines,Domestic,275,2863,0,4767,610,0,0,86,275,352,107,0,0,1194,10529,21058
2024,Spirit Air Lines,Latin America,47,486,0,809,103,0,0,15,47,60,18,0,0,203,0,1788
2024,Sun Country Airlines d/b/a MN Airlines,Domestic,98,598,0,761,382,0,259,31,12,0,0,52,135,39,0,2367
2024,Sun Country Airlines d/b/a MN Airlines,Latin America,10,61,0,78,39,0,27,3,1,0,0,5,14,4,0,242
2024,TEM Enterprises dba  Avelo Airlines,Domestic,17,169,84,232,92,0,0,37,35,0,11,31,15,46,0,769
2024,TEM Enterprises dba  Avelo Airlines,International,0,0,0,0,0,0,0,0,0,0,0,0,0,0,0,0
2024,Tatonduk Outfitters Limited d/b/a Everts Air Alaska and Everts Air Cargo,Domestic,8,44,12,0,94,83,0,0,0,0,10,45,2,49,0,347
2024,USA Jet Airlines Inc.,Domestic,7,46,0,0,53,0,0,24,0,19,4,16,0,6,0,175
2024,United Air Lines Inc.,Atlantic,104,2250,0,3550,986,0,1906,220,3426,46,170,527,81,134,0,13400
2024,United Air Lines Inc.,Domestic,482,10458,0,16502,4583,0,8859,1022,15924,214,791,2448,378,621,0,62282
2024,United Air Lines Inc.,Latin America,91,1982,0,3128,869,0,1679,194,3019,41,150,464,72,118,0,11807
2024,United Air Lines Inc.,Pacific,69,1500,0,2367,657,0,1271,147,2284,31,113,351,54,89,0,8933
2024,United Parcel Service,Atlantic,0,422,0,0,324,0,15,21,0,0,20,76,2,8,0,888
2024,United Parcel Service,Domestic,0,2076,0,0,1594,0,71,104,0,0,101,375,9,40,0,4370
2024,United Parcel Service,Latin America,0,117,0,0,90,0,4,6,0,0,6,21,0,2,0,246
2024,United Parcel Service,Pacific,0,591,0,0,453,0,20,30,0,0,29,107,2,11,0,1243
2024,Western Global,Domestic,11,114,0,0,76,0,13,18,0,24,4,15,0,10,0,285
2024,Western Global,International,0,0,0,0,0,0,0,0,0,0,0,0,0,0,0,0
2015,ABX Air Inc,Atlantic,5,42,7,0,29,0,1,0,0,0,4,1,1,3,0,93
2015,ABX Air Inc,Domestic,20,167,29,0,117,0,4,0,0,2,18,3,2,10,2,374
2015,Air Transport International,Atlantic,1,43,0,39,15,0,0,11,0,3,2,6,1,24,0,145
2015,Air Transport International,Domestic,2,55,0,0,17,0,0,6,0,2,1,7,1,29,0,120
2015,Air Wisconsin Airlines Corp,Domestic,164,762,0,343,206,0,22,34,161,0,14,55,0,73,0,1834
2015,Alaska Airlines Inc.,Domestic,15,1622,70,3499,636,0,2087,167,759,341,94,293,185,1334,0,11102
2015,Alaska Airlines Inc.,Latin America,1,75,3,161,29,0,96,8,35,16,4,14,9,61,0,512
2015,Allegiant Air,Domestic,16,577,72,825,313,0,88,54,173,0,34,69,36,289,0,2546
2015,Aloha Air Cargo,Domestic,22,44,1,0,90,211,0,0,0,0,11,18,5,27,16,445
2015,American Airlines Inc.,Atlantic,10,1942,0,3785,2261,0,0,58,2524,2505,158,2156,140,0,0,15539
2015,American Airlines Inc.,Domestic,39,7726,0,15052,8991,0,0,229,10038,9961,628,8570,556,0,0,61790
2015,American Airlines Inc.,Latin America,10,2052,0,3997,2388,0,0,61,2666,2646,167,2277,148,0,0,16412
2015,American Airlines Inc.,Pacific,3,643,0,1253,749,0,0,19,836,829,52,714,46,0,0,5144
2015,Amerijet International,Domestic,1,16,4,13,16,0,11,1,0,33,0,11,10,0,2,118
2015,Amerijet International,Latin America,6,69,20,60,72,0,48,7,0,146,0,51,42,1,8,530
2015,Asia Pacific,International,10,18,0,0,11,3,0,0,0,0,0,4,0,0,0,46
2015,Atlas Air Inc.,Domestic,232,1138,75,143,110,0,0,18,0,110,25,24,32,12,0,1919
2015,Atlas Air Inc.,International,10,47,3,6,4,0,0,0,0,4,1,0,2,0,0,77
2015,Avjet Corporation,System,13,74,1,18,30,0,0,0,17,4,1,18,0,15,5,196
2015,"Caribbean Sun Airlines, Inc. d/b/a World Atlantic Airlines",Domestic,3,8,23,0,12,7,2,5,0,0,2,3,1,5,0,71
2015,"Caribbean Sun Airlines, Inc. d/b/a World Atlantic Airlines",International,6,16,44,0,21,12,4,8,0,0,3,6,1,9,0,130
2015,Compass Airlines,Domestic,0,572,0,607,136,0,4,60,0,0,184,6,0,108,0,1677
2015,Delta Air Lines Inc.,Atlantic,53,1754,0,3018,1375,0,608,105,3220,252,117,143,179,1708,0,12532
2015,Delta Air Lines Inc.,Domestic,231,7587,0,13057,5948,0,2631,456,13929,1092,505,617,773,7389,0,54215
2015,Delta Air Lines Inc.,Latin America,37,1232,0,2120,966,0,427,74,2262,177,82,100,125,1200,0,8802
2015,Delta Air Lines Inc.,Pacific,27,903,0,1554,708,0,313,54,1658,130,60,73,92,879,0,6451
2015,Endeavor Air Inc.,Domestic,5,1187,26,855,797,0,0,71,0,0,139,85,0,50,0,3215
2015,Envoy Air,Domestic,893,1833,0,1028,1301,0,2605,0,4521,0,94,0,0,142,0,12417
2015,Envoy Air,Latin America,13,27,0,15,19,0,38,0,66,0,1,0,0,2,0,181
2015,ExpressJet Airlines Inc.,Domestic,0,2841,0,2068,1716,0,0,39,75,0,109,0,0,0,0,6848
2015,ExpressJet Airlines Inc.,Latin America,0,88,0,64,53,0,0,1,0,0,3,0,0,0,0,209
2015,Federal Express Corporation,Atlantic,2253,498,40,0,739,0,843,1166,0,583,47,83,251,9443,9093,25039
2015,Federal Express Corporation,Domestic,684,2528,142,0,1024,0,271,50,0,12054,45,13,3,3538,69020,89372
2015,Federal Express Corporation,Latin America,1104,80,4,0,398,0,283,61,0,6483,21,40,97,5026,4899,18496
2015,Federal Express Corporation,Pacific,1531,785,51,0,826,0,787,312,0,50,36,49,115,7486,9381,21409
2015,Florida West Airlines Inc.,Domestic,0,2,0,0,0,0,0,0,0,0,0,0,0,0,0,2
2015,Florida West Airlines Inc.,International,11,20,0,0,4,7,0,0,0,0,0,11,0,0,0,53
2015,Frontier Airlines Inc.,Domestic,21,918,0,1248,178,0,66,15,173,0,16,201,0,6,0,2842
2015,Frontier Airlines Inc.,Latin America,1,44,0,60,9,0,3,1,8,0,1,10,0,0,0,137
2015,GoJet Airlines LLC d/b/a United Express,Domestic,0,453,0,388,88,0,1,45,0,0,201,0,0,61,0,1237
2015,Gulf And Caribbean Cargo,Domestic,1,23,3,0,3,4,0,0,0,0,0,3,0,0,0,37
2015,Gulf And Caribbean Cargo,International,3,43,5,0,7,9,0,0,0,0,0,5,0,0,0,72
2015,Hawaiian Airlines Inc.,Domestic,59,409,0,1161,296,0,241,95,739,437,18,163,84,52,0,3754
2015,Hawaiian Airlines Inc.,Pacific,28,193,0,546,139,0,114,45,347,205,9,77,39,24,0,1766
2015,Horizon Air,Domestic,14,643,18,596,272,0,47,58,1671,61,110,22,4,0,13,3529
2015,Island Air Hawaii,Domestic,3,49,0,45,36,131,0,0,0,0,0,14,3,16,0,297
2015,"Jet Aviation Flight Services, Inc.",Domestic,0,252,0,48,74,4,0,0,0,0,0,0,0,0,293,671
2015,JetBlue Airways,Domestic,38,2297,6,2497,625,0,88,214,4384,32,286,216,141,948,0,11772
2015,JetBlue Airways,Latin America,0,533,1,579,145,0,32,50,1017,0,0,50,33,220,0,2660
2015,Kalitta Air LLC,Domestic,0,5,1,0,12,0,1,2,0,1,1,2,0,0,0,25
2015,Kalitta Air LLC,International,12,235,25,0,523,0,51,75,0,61,60,93,0,20,0,1155
2015,Kalitta Charters II,Domestic,3,49,3,0,16,9,0,0,0,0,1,5,0,3,0,89
2015,Kalitta Charters II,International,1,14,0,0,4,3,0,0,0,0,0,2,0,1,0,25
2015,Lynden Air Cargo Airlines,Domestic,3,32,17,0,19,16,0,0,0,0,0,22,0,2,0,111
2015,Lynden Air Cargo Airlines,International,2,22,12,0,14,11,0,0,0,0,0,15,0,1,0,77
2015,Mesa Airlines Inc.,Domestic,82,1169,0,945,294,0,47,40,0,0,5,81,0,78,0,2741
2015,Mesa Airlines Inc.,Latin America,4,56,0,45,14,0,2,2,0,0,0,4,0,4,0,131
2015,Miami Air International,Domestic,10,45,0,67,39,0,19,9,0,0,5,26,8,0,0,228
2015,Miami Air International,International,4,19,0,29,17,0,8,4,0,0,2,11,3,0,0,97
2015,Northern Air Cargo Inc.,Domestic,13,44,1,0,34,88,0,0,0,0,14,23,6,23,107,353
2015,Omni Air Express,Domestic,2,33,0,42,23,0,2,5,0,0,2,6,1,3,0,119
2015,Omni Air Express,International,11,202,0,255,139,0,17,35,0,0,12,40,5,17,0,733
2015,PSA Airlines Inc.,Domestic,6,1033,0,616,170,0,65,32,0,0,123,56,0,351,0,2452
2015,Polar Air Cargo Airways,Atlantic,0,0,0,0,0,0,0,0,0,0,0,0,1,0,0,1
2015,Polar Air Cargo Airways,Domestic,6,0,0,1,2,0,0,3,0,18,0,2,36,0,0,68
2015,Polar Air Cargo Airways,Pacific,9,0,0,2,2,0,0,5,0,29,0,2,57,1,0,107
2015,Republic Airlines,Domestic,0,1207,0,1169,398,0,85,0,10,0,22,0,0,0,0,2891
2015,Shuttle America Corp.,Domestic,1,730,0,784,591,0,82,0,8,0,25,0,0,0,0,2221
2015,Sky Lease Cargo,Domestic,15,104,34,0,86,10,0,0,0,0,0,0,0,0,0,249
2015,SkyWest Airlines Inc.,Domestic,10,2939,0,2800,1532,0,1338,126,55,0,270,39,0,473,0,9582
2015,SkyWest Airlines Inc.,Latin America,0,46,0,44,24,0,21,2,1,0,4,1,0,7,0,150
2015,Songbird Airways Inc.,Domestic,3,3,3,0,2,1,0,0,0,0,0,0,0,2,0,14
2015,Songbird Airways Inc.,International,3,0,0,0,2,1,0,0,0,0,0,0,0,0,0,6
2015,Southern Air Inc.,Domestic,19,49,32,23,15,0,0,0,0,2,0,10,0,6,0,156
2015,Southern Air Inc.,International,0,172,0,0,51,0,0,0,0,7,0,0,0,0,0,230
2015,Southwest Airlines Co.,Domestic,1499,7349,0,12155,2182,0,9670,371,8439,488,103,1021,13,3419,0,46709
2015,Southwest Airlines Co.,Latin America,22,108,0,179,32,0,142,5,124,7,2,15,0,50,0,686
2015,Spirit Air Lines,Domestic,667,1155,0,1856,241,0,0,30,248,0,32,13,0,139,0,4381
2015,Spirit Air Lines,Latin America,69,119,0,192,25,0,0,3,26,0,3,1,0,14,0,452
2015,Sun Country Airlines d/b/a MN Airlines,Domestic,48,193,0,332,110,0,179,11,12,5,0,26,73,27,0,1016
2015,Sun Country Airlines d/b/a MN Airlines,Latin America,16,62,0,107,36,0,58,4,4,2,0,9,24,9,0,331
2015,Tatonduk Outfitters Limited d/b/a Everts Air Alaska and Everts Air Cargo,Domestic,13,52,11,0,108,77,0,0,0,0,1,42,20,30,0,354
2015,USA Jet Airlines Inc.,Domestic,2,58,17,0,47,0,0,0,0,14,6,16,0,67,147,374
2015,United Air Lines Inc.,Atlantic,18,1616,0,3106,53,0,234,0,3938,53,0,0,97,0,0,9115
2015,United Air Lines Inc.,Domestic,705,6981,0,13415,6530,0,9818,1304,17012,230,350,2841,291,654,0,60131
2015,United Air Lines Inc.,Latin America,6,1306,0,2509,144,0,425,0,3181,43,0,0,55,0,0,7669
2015,United Air Lines Inc.,Pacific,13,1225,0,2353,293,0,329,0,2984,40,0,0,76,0,0,7313
2015,United Parcel Service,Atlantic,0,337,0,0,247,0,16,14,0,0,22,82,3,14,0,735
2015,United Parcel Service,Domestic,0,1501,0,0,1100,0,71,63,0,0,99,365,14,60,0,3273
2015,United Parcel Service,Latin America,0,156,0,0,115,0,7,7,0,0,10,38,1,6,0,340
2015,United Parcel Service,Pacific,0,494,0,0,362,0,23,21,0,0,33,120,5,20,0,1078
2015,Virgin America,Domestic,17,577,0,851,215,0,8,56,571,0,42,44,8,201,0,2590
2015,Virgin America,Latin America,0,15,0,22,6,0,0,1,15,0,1,1,0,5,0,66
2015,Western Global,Domestic,13,9,19,0,30,8,0,0,0,0,1,14,0,0,0,94
2015,XTRA Airways,Domestic,15,21,1,22,19,7,0,0,0,0,0,1,0,11,0,97
2015,XTRA Airways,Latin America,0,9,0,9,0,0,0,0,0,0,0,0,0,0,0,18
2016,ABX Air Inc,Atlantic,5,48,0,0,28,0,1,0,0,0,4,1,0,3,1,91
2016,ABX Air Inc,Domestic,22,236,0,0,133,0,4,0,0,0,21,5,2,13,4,440
2016,Air Transport International,Atlantic,0,37,0,37,14,0,0,10,0,3,2,3,0,12,0,118
2016,Air Transport International,Domestic,3,109,0,0,35,0,0,10,0,3,2,16,2,49,0,229
2016,Air Wisconsin Airlines Corp,Domestic,107,581,0,323,206,0,22,34,0,0,11,85,0,69,0,1438
2016,Alaska Airlines Inc.,Domestic,16,1696,70,3631,633,0,2092,168,761,342,94,294,186,1337,0,11320
2016,Alaska Airlines Inc.,Latin America,1,136,6,290,51,0,167,13,61,27,7,24,15,107,0,905
2016,Allegiant Air,Domestic,16,753,81,1037,416,0,83,48,196,0,33,73,45,365,0,3146
2016,Aloha Air Cargo,Domestic,20,36,1,0,90,212,0,0,0,0,11,22,14,17,11,434
2016,American Airlines Inc.,Atlantic,10,1953,0,3794,2302,0,0,62,2367,2513,150,2309,149,0,0,15609
2016,American Airlines Inc.,Domestic,39,7917,0,15374,9330,0,0,254,9595,10185,606,9358,601,0,0,63259
2016,American Airlines Inc.,Latin America,10,1984,0,3854,2339,0,0,63,2405,2553,152,2346,151,0,0,15857
2016,American Airlines Inc.,Pacific,4,848,0,1648,1000,0,0,27,1028,1091,65,1003,65,0,0,6779
2016,Amerijet International,Domestic,1,10,3,11,12,0,8,1,0,25,0,8,7,0,1,87
2016,Amerijet International,Latin America,6,66,21,68,73,0,53,8,0,157,0,53,42,1,10,558
2016,Asia Pacific,International,8,19,0,0,13,3,0,0,0,0,1,4,0,0,0,48
2016,Atlas Air Inc.,Domestic,254,1332,79,151,124,0,0,19,0,138,26,27,34,12,0,2196
2016,Atlas Air Inc.,International,10,51,3,6,6,0,0,0,0,6,1,1,1,0,0,85
2016,Avjet Corporation,Domestic,4,68,3,22,30,26,0,0,0,0,1,17,0,11,0,182
2016,"Caribbean Sun Airlines, Inc. d/b/a World Atlantic Airlines",Domestic,12,15,0,41,19,14,0,0,0,0,2,11,0,2,0,116
2016,"Caribbean Sun Airlines, Inc. d/b/a World Atlantic Airlines",International,10,12,0,33,15,11,0,0,0,0,1,8,0,1,0,91
2016,Compass Airlines,Domestic,0,737,0,682,129,0,4,66,0,0,115,6,0,160,0,1899
2016,Delta Air Lines Inc.,Atlantic,55,1786,0,3070,1400,0,624,107,3116,239,116,133,199,1627,0,12472
2016,Delta Air Lines Inc.,Domestic,255,8258,0,14195,6474,0,2884,494,14408,1105,534,613,918,7524,0,57662
2016,Delta Air Lines Inc.,Latin America,34,1108,0,1905,869,0,387,66,1934,148,72,82,123,1010,0,7738
2016,Delta Air Lines Inc.,Pacific,27,874,0,1502,685,0,305,52,1525,117,57,65,97,796,0,6102
2016,"Dynamic Airways, LLC",International,4,45,0,37,34,19,0,0,0,0,2,10,0,14,0,165
2016,Eastern Airlines Group Inc.,Domestic,5,10,2,16,19,17,0,0,0,0,0,3,1,3,0,76
2016,Eastern Airlines Group Inc.,International,0,16,0,27,0,0,0,0,0,0,0,0,0,0,0,43
2016,Endeavor Air Inc.,Domestic,6,1259,23,993,780,0,0,66,0,0,246,76,0,56,0,3505
2016,Envoy Air,Domestic,870,1605,0,1078,1315,0,3248,0,3932,0,144,0,0,170,0,12362
2016,Envoy Air,Latin America,11,20,0,14,17,0,41,0,50,0,2,0,0,2,0,157
2016,ExpressJet Airlines Inc.,Domestic,0,2467,0,2068,1413,0,0,37,75,0,131,0,0,0,0,6191
2016,ExpressJet Airlines Inc.,Latin America,0,76,0,64,44,0,0,1,0,0,4,0,0,0,0,189
2016,Federal Express Corporation,Atlantic,2212,497,43,0,670,0,878,1129,0,681,75,74,239,9132,28022,43652
2016,Federal Express Corporation,Domestic,712,2653,155,0,1123,0,295,57,0,12121,48,12,2,3764,70449,91391
2016,Federal Express Corporation,Latin America,1028,48,3,0,293,0,284,63,0,6514,37,36,95,4388,9295,22084
2016,Federal Express Corporation,Pacific,1571,804,50,0,732,0,822,346,0,45,53,45,125,7423,15596,27612
2016,Florida West Airlines Inc.,Domestic,0,2,0,0,0,0,0,0,0,0,0,0,0,0,0,2
2016,Florida West Airlines Inc.,International,10,19,0,0,3,7,0,0,0,0,0,11,0,0,0,50
2016,Frontier Airlines Inc.,Domestic,22,1070,0,1549,179,0,67,15,165,0,15,215,0,7,0,3304
2016,Frontier Airlines Inc.,Latin America,1,35,0,51,6,0,2,0,5,0,1,7,0,0,0,108
2016,GoJet Airlines LLC d/b/a United Express,Domestic,0,495,0,445,117,0,1,56,0,0,92,0,0,91,0,1297
2016,Gulf And Caribbean Cargo,Domestic,1,19,4,0,4,4,0,0,0,0,0,4,0,0,0,36
2016,Gulf And Caribbean Cargo,International,3,41,10,0,10,10,0,0,0,0,0,7,0,0,0,81
2016,Hawaiian Airlines Inc.,Domestic,74,445,0,1224,340,0,273,114,815,521,18,201,108,55,0,4188
2016,Hawaiian Airlines Inc.,Pacific,35,209,0,576,160,0,128,54,384,245,9,95,51,26,0,1972
2016,Horizon Air,Domestic,15,618,0,642,271,0,49,61,1759,64,116,23,4,0,0,3622
2016,Island Air Hawaii,Domestic,3,0,0,47,41,132,0,0,0,0,0,14,5,11,0,253
2016,"Jet Aviation Flight Services, Inc.",Domestic,1,233,0,44,68,5,0,0,0,0,0,1,0,0,149,501
2016,JetBlue Airways,Domestic,34,2458,16,2952,616,0,88,221,4628,29,292,193,141,1085,0,12753
2016,JetBlue Airways,Latin America,8,563,3,675,141,0,35,50,1059,0,0,44,32,248,0,2858
2016,Kalitta Air LLC,Domestic,0,8,1,0,16,0,2,2,0,2,2,3,0,0,0,36
2016,Kalitta Air LLC,International,12,283,21,0,558,0,59,77,0,54,51,105,0,18,0,1238
2016,Kalitta Charters II,Domestic,3,52,1,1,15,10,0,0,0,0,2,6,0,2,0,92
2016,Kalitta Charters II,International,1,12,0,0,4,2,0,0,0,0,0,2,0,1,0,22
2016,Lynden Air Cargo Airlines,Domestic,3,40,21,0,30,21,0,0,0,0,0,23,0,2,0,140
2016,Lynden Air Cargo Airlines,International,2,16,7,0,10,8,0,0,0,0,0,10,0,0,0,53
2016,Mesa Airlines Inc.,Domestic,87,1111,0,1022,331,0,49,45,0,0,9,98,0,75,2827,5654
2016,Mesa Airlines Inc.,Latin America,9,116,0,106,34,0,5,5,0,0,1,10,0,8,294,588
2016,Miami Air International,Domestic,10,44,0,75,37,0,15,8,0,0,2,23,6,0,0,220
2016,Miami Air International,International,5,23,0,41,20,0,8,5,0,0,1,13,3,0,0,119
2016,National Air Cargo Group Inc d/ba National Airlines,Domestic,3,14,2,15,10,7,0,0,0,0,1,1,1,3,0,57
2016,National Air Cargo Group Inc d/ba National Airlines,International,8,30,11,10,23,17,0,0,0,0,1,3,2,8,0,113
2016,Northern Air Cargo Inc.,Domestic,13,43,1,0,30,84,0,0,0,0,12,21,12,17,92,325
2016,Northern Air Cargo Inc.,International,1,2,0,0,2,4,0,0,0,0,1,1,1,1,5,18
2016,Omni Air International LLC,Domestic,3,36,0,49,25,0,0,5,3,0,2,8,1,3,0,135
2016,Omni Air International LLC,International,17,198,0,271,141,0,7,35,15,0,12,46,3,14,0,759
2016,PSA Airlines Inc.,Domestic,5,1053,0,875,253,0,77,40,0,0,100,77,0,138,0,2618
2016,Polar Air Cargo Airways,Atlantic,0,0,0,0,0,0,0,0,0,0,0,0,0,0,0,0
2016,Polar Air Cargo Airways,Domestic,6,0,0,1,2,0,0,4,0,20,0,2,37,0,0,72
2016,Polar Air Cargo Airways,Pacific,9,0,0,2,2,0,0,6,0,31,0,2,58,1,0,111
2016,Republic Airlines,Domestic,0,1640,0,1468,704,0,0,64,11,0,19,116,0,1,0,4023
2016,Shuttle America Corp.,Domestic,1,433,0,498,38,0,28,0,5,0,25,27,0,1,0,1056
2016,Sky Lease Cargo,International,6,67,0,0,91,74,0,0,0,0,0,0,0,12,0,250
2016,SkyWest Airlines Inc.,Domestic,8,3707,0,528,1572,0,998,2,2669,0,105,36,0,577,0,10202
2016,SkyWest Airlines Inc.,Latin America,0,113,8,9,48,0,30,0,81,0,3,1,0,18,0,311
2016,Songbird Airways Inc.,Domestic,0,0,0,0,0,0,0,0,0,0,0,0,0,0,0,0
2016,Songbird Airways Inc.,International,0,0,0,0,0,0,0,0,0,0,0,0,0,0,0,0
2016,Southern Air Inc.,Domestic,32,61,10,17,15,0,0,15,0,2,5,8,0,5,0,170
2016,Southern Air Inc.,International,0,135,0,0,46,0,0,0,0,5,0,0,0,0,0,186
2016,Southwest Airlines Co.,Domestic,1589,7673,0,13368,2226,0,9913,400,9159,559,127,1190,13,3865,0,50082
2016,Southwest Airlines Co.,Latin America,30,146,0,255,42,0,189,8,175,11,2,23,0,74,0,955
2016,Spirit Air Lines,Domestic,837,1357,0,2220,340,0,0,37,241,0,38,16,0,204,0,5290
2016,Spirit Air Lines,Latin America,74,120,0,196,30,0,0,3,21,0,3,1,0,18,0,466
2016,Sun Country Airlines d/b/a MN Airlines,Domestic,58,227,0,403,143,0,224,13,19,17,0,31,100,36,0,1271
2016,Sun Country Airlines d/b/a MN Airlines,Latin America,16,61,0,108,38,0,60,4,5,5,0,8,27,9,0,341
2016,"Swift Air, LLC",Domestic,1,26,0,27,14,7,0,0,0,0,0,3,1,9,0,88
2016,"Swift Air, LLC",International,2,34,0,36,18,10,0,0,0,0,0,5,2,12,0,119
2016,Tatonduk Outfitters Limited d/b/a Everts Air Alaska and Everts Air Cargo,Domestic,15,66,9,0,119,59,0,0,0,0,2,42,20,29,0,361
2016,USA Jet Airlines Inc.,Domestic,2,58,17,0,47,0,0,0,0,14,6,16,0,67,133,360
2016,United Air Lines Inc.,Atlantic,19,1579,0,3234,45,0,241,0,3881,51,1,0,92,0,0,9143
2016,United Air Lines Inc.,Domestic,729,7108,0,14554,6821,0,10511,1287,18369,229,500,2905,295,654,0,63962
2016,United Air Lines Inc.,Latin America,5,1241,0,2541,128,0,427,0,3049,40,0,0,57,0,0,7488
2016,United Air Lines Inc.,Pacific,14,1354,0,2772,245,0,385,0,3327,44,0,0,80,0,0,8221
2016,United Parcel Service,Atlantic,0,333,0,0,246,0,16,14,0,0,22,81,2,13,0,727
2016,United Parcel Service,Domestic,0,1532,0,0,1132,0,72,66,0,0,101,371,11,58,0,3343
2016,United Parcel Service,Latin America,0,151,0,0,112,0,7,7,0,0,10,37,1,6,0,331
2016,United Parcel Service,Pacific,0,477,0,0,353,0,22,21,0,0,31,115,3,18,0,1040
2016,Virgin America,Domestic,12,667,0,998,244,0,8,62,606,0,38,42,6,181,0,2864
2016,Virgin America,Latin America,0,16,0,25,6,0,0,2,15,0,1,1,0,4,0,70
2016,Western Global,Domestic,30,105,33,0,34,5,0,0,0,0,1,8,0,8,0,224
2016,XTRA Airways,Domestic,1,171,0,181,70,12,0,21,0,0,15,0,0,23,0,494
2016,XTRA Airways,International,0,0,0,0,0,0,0,0,0,0,0,0,0,0,0,0
2017,ABX Air Inc,Atlantic,5,44,7,0,31,0,1,0,0,0,4,1,0,3,1,97
2017,ABX Air Inc,Domestic,24,210,33,0,147,0,5,0,0,0,20,5,2,14,3,463
2017,Air Transport International,Atlantic,0,41,0,38,20,0,0,3,0,2,1,3,0,9,0,117
2017,Air Transport International,Domestic,3,179,0,0,67,0,0,14,0,8,7,23,2,64,0,367
2017,Air Wisconsin Airlines Corp,Domestic,108,644,0,270,178,0,22,33,0,0,10,81,0,75,0,1421
2017,Alaska Airlines Inc.,Domestic,17,1812,83,4041,650,0,2452,197,892,400,109,345,218,1568,0,12784
2017,Alaska Airlines Inc.,Latin America,2,158,7,351,56,0,213,17,78,35,10,30,19,136,0,1112
2017,Allegiant Air,Domestic,34,848,105,1239,403,0,83,95,179,0,65,103,30,249,0,3433
2017,Aloha Air Cargo,Domestic,10,42,3,0,141,235,0,0,0,0,10,15,13,11,1,481
2017,American Airlines Inc.,Atlantic,9,2001,0,3968,2292,0,0,72,2368,2592,148,2480,187,0,0,16117
2017,American Airlines Inc.,Domestic,36,7833,0,15532,8970,0,0,282,9269,10145,577,9705,734,0,0,63083
2017,American Airlines Inc.,Latin America,9,1980,0,3926,2267,0,0,71,2343,2564,146,2453,185,0,0,15944
2017,American Airlines Inc.,Pacific,5,988,0,1959,1131,0,0,36,1169,1280,73,1224,92,0,0,7957
2017,Amerijet International,Domestic,2,18,0,0,24,0,15,6,0,57,0,17,13,5,3,160
2017,Amerijet International,Latin America,6,57,0,0,80,0,49,21,0,187,0,55,43,15,8,521
2017,Asia Pacific,International,8,22,0,0,16,3,0,0,0,0,1,4,0,0,0,54
2017,Atlas Air Inc.,Domestic,263,1471,77,157,161,0,0,21,0,167,26,29,36,12,0,2420
2017,Atlas Air Inc.,International,9,51,3,6,6,0,0,0,0,6,1,1,1,0,0,84
2017,Avjet Corporation,Domestic,4,57,6,20,31,25,0,0,0,0,1,19,0,8,0,171
2017,"Caribbean Sun Airlines, Inc. d/b/a World Atlantic Airlines",Domestic,9,13,0,22,11,9,0,0,0,0,2,12,0,3,0,81
2017,"Caribbean Sun Airlines, Inc. d/b/a World Atlantic Airlines",International,12,16,0,29,14,11,0,0,0,0,2,16,1,4,0,105
2017,Compass Airlines,Domestic,0,596,0,655,149,0,4,69,0,0,105,6,0,181,0,1765
2017,Compass Airlines,Latin America,0,2,0,1,1,0,0,1,0,0,1,0,0,1,0,7
2017,Delta Air Lines Inc.,Atlantic,60,1880,0,3070,1422,0,648,112,3130,212,122,130,224,1684,0,12694
2017,Delta Air Lines Inc.,Domestic,280,8831,0,14422,6678,0,3043,525,14704,995,574,612,1054,7912,0,59630
2017,Delta Air Lines Inc.,Latin America,38,1183,0,1932,895,0,408,70,1970,133,77,82,141,1060,0,7989
2017,Delta Air Lines Inc.,Pacific,27,840,0,1372,635,0,290,50,1399,95,55,58,100,753,0,5674
2017,"Dynamic Airways, LLC",International,2,29,0,10,7,25,0,0,0,0,0,8,0,3,0,84
2017,Endeavor Air Inc.,Domestic,5,1443,30,1142,847,0,0,70,0,0,271,87,0,63,0,3958
2017,Envoy Air,Domestic,935,1633,0,1236,1422,0,3389,0,4046,0,323,0,0,197,0,13181
2017,Envoy Air,Latin America,18,31,0,24,27,0,65,0,78,0,6,0,0,4,0,253
2017,ExpressJet Airlines Inc.,Domestic,0,1873,0,2068,1144,0,0,101,75,0,164,0,0,0,0,5425
2017,ExpressJet Airlines Inc.,Latin America,0,58,0,64,35,0,0,3,0,0,5,0,0,0,0,165
2017,Federal Express Corporation,Atlantic,2406,538,38,0,758,0,829,885,0,511,90,47,200,9527,40873,56702
2017,Federal Express Corporation,Domestic,749,2729,147,0,1158,0,295,55,0,12408,50,8,2,3643,70519,91763
2017,Federal Express Corporation,Latin America,1298,78,5,0,338,0,292,61,0,6858,53,28,104,5067,12425,26607
2017,Federal Express Corporation,Pacific,2024,870,52,0,756,0,977,378,0,37,78,38,147,8543,19073,32973
2017,Frontier Airlines Inc.,Domestic,22,1134,0,1766,194,0,71,15,148,0,18,220,0,14,0,3602
2017,Frontier Airlines Inc.,Latin America,1,38,0,59,7,0,2,1,5,0,1,7,0,0,121,242
2017,GoJet Airlines LLC d/b/a United Express,Domestic,0,520,0,497,75,0,1,57,0,0,76,0,0,83,0,1309
2017,Gulf And Caribbean Cargo,Domestic,2,18,5,0,4,3,0,0,0,0,0,4,0,0,0,36
2017,Gulf And Caribbean Cargo,International,3,38,11,0,9,9,0,0,0,0,0,10,0,0,0,80
2017,Hawaiian Airlines Inc.,Domestic,83,486,0,1241,348,0,297,114,779,597,20,208,101,55,0,4329
2017,Hawaiian Airlines Inc.,Pacific,45,261,0,669,188,0,160,61,420,321,10,112,55,30,0,2332
2017,Horizon Air,Domestic,16,729,0,680,283,0,52,65,1882,68,124,25,4,15,0,3943
2017,"Jet Aviation Flight Services, Inc.",Domestic,0,333,0,65,98,14,0,0,0,0,0,0,0,0,197,707
2017,JetBlue Airways,Domestic,33,2592,22,3423,651,0,97,228,4956,45,259,204,153,1165,0,13828
2017,JetBlue Airways,Latin America,7,605,5,798,152,0,39,53,1156,0,0,47,36,272,0,3170
2017,Kalitta Air LLC,Domestic,3,74,1,0,138,0,18,18,0,14,12,23,0,1,0,302
2017,Kalitta Air LLC,International,9,267,5,0,497,0,64,67,0,52,45,82,0,22,0,1110
2017,Kalitta Charters II,Domestic,4,61,4,0,20,14,0,0,0,0,2,7,0,2,0,114
2017,Kalitta Charters II,International,1,9,0,0,4,3,0,0,0,0,1,2,0,0,0,20
2017,Lynden Air Cargo Airlines,Domestic,3,40,22,0,33,22,0,0,0,0,0,22,0,2,0,144
2017,Lynden Air Cargo Airlines,International,2,17,9,0,14,9,0,0,0,0,0,9,0,1,0,61
2017,Mesa Airlines Inc.,Domestic,91,1182,0,1107,351,0,58,44,0,0,13,96,0,81,0,3023
2017,Mesa Airlines Inc.,Latin America,7,92,0,86,27,0,4,3,0,0,1,7,0,6,0,233
2017,Miami Air International,Domestic,9,38,0,73,32,0,13,8,0,0,3,26,6,0,0,208
2017,Miami Air International,International,6,22,0,43,19,0,8,5,0,0,2,16,4,0,0,125
2017,National Air Cargo Group Inc d/ba National Airlines,Domestic,3,14,2,16,11,8,0,0,0,0,0,1,0,2,0,57
2017,National Air Cargo Group Inc d/ba National Airlines,International,12,49,12,19,31,31,0,0,0,0,2,4,2,7,0,169
2017,Northern Air Cargo Inc.,Domestic,18,44,4,0,44,0,5,19,0,65,5,27,9,14,97,351
2017,Omni Air International LLC,Domestic,3,26,0,37,19,0,0,4,2,0,2,7,0,2,0,102
2017,Omni Air International LLC,International,21,192,0,272,147,0,6,39,18,0,17,50,3,12,0,777
2017,PSA Airlines Inc.,Domestic,6,1271,0,947,290,0,88,46,0,0,120,107,0,517,0,3392
2017,Polar Air Cargo Airways,Domestic,16,0,0,0,1,0,0,10,0,20,0,4,24,1,0,76
2017,Polar Air Cargo Airways,Pacific,2,0,0,0,3,0,0,0,0,37,0,0,72,0,0,114
2017,Republic Airline,Domestic,18,2018,0,2163,686,0,0,162,18,0,65,226,0,191,0,5547
2017,Republic Airline,Latin America,0,62,0,67,21,0,0,5,1,0,2,7,0,6,0,171
2017,Sky Lease Cargo,International,28,63,62,0,52,184,0,0,0,0,0,25,7,137,0,558
2017,SkyWest Airlines Inc.,Domestic,6,4441,0,3339,1900,0,150,164,1522,10,47,82,0,158,0,11819
2017,SkyWest Airlines Inc.,Latin America,0,54,0,41,24,0,2,2,19,0,1,1,0,2,0,146
2017,Southern Air Inc.,Domestic,25,53,10,15,10,0,0,19,0,2,4,8,0,5,0,151
2017,Southern Air Inc.,International,0,185,0,0,39,0,0,0,0,7,0,0,0,0,0,231
2017,Southwest Airlines Co.,Domestic,1653,8072,0,13966,2349,0,10679,434,10198,582,157,1297,11,4106,0,53504
2017,Southwest Airlines Co.,Latin America,40,198,0,342,58,0,261,11,250,14,4,32,0,101,0,1311
2017,Spirit Air Lines,Domestic,969,1788,0,2814,362,0,0,50,274,0,55,17,0,223,0,6552
2017,Spirit Air Lines,Latin America,82,151,0,237,30,0,0,4,23,0,5,1,0,19,0,552
2017,Sun Country Airlines d/b/a MN Airlines,Domestic,57,248,0,477,168,0,233,16,22,22,0,33,150,43,0,1469
2017,Sun Country Airlines d/b/a MN Airlines,Latin America,12,51,0,98,35,0,48,3,4,4,0,7,31,9,0,302
2017,"Swift Air, LLC",Domestic,3,73,0,86,41,23,0,0,0,0,0,12,3,26,0,267
2017,Tatonduk Outfitters Limited d/b/a Everts Air Alaska and Everts Air Cargo,Domestic,14,57,15,0,105,80,0,0,0,0,4,40,4,27,0,346
2017,USA Jet Airlines Inc.,Domestic,0,62,11,0,53,0,0,0,0,15,4,24,0,32,187,388
2017,United Air Lines Inc.,Atlantic,91,1598,0,3104,1444,0,1804,181,3438,45,80,372,119,148,0,12424
2017,United Air Lines Inc.,Domestic,395,6891,0,13384,6224,0,7781,782,14822,194,344,1602,512,636,0,53567
2017,United Air Lines Inc.,Latin America,70,1232,0,2393,1113,0,1391,140,2650,35,62,287,91,114,0,9578
2017,United Air Lines Inc.,Pacific,74,1296,0,2518,1171,0,1463,147,2788,36,65,301,96,120,0,10075
2017,United Parcel Service,Atlantic,0,334,0,0,242,0,15,15,0,0,22,78,2,14,0,722
2017,United Parcel Service,Domestic,0,1635,0,0,1187,0,74,73,0,0,108,384,11,69,0,3541
2017,United Parcel Service,Latin America,0,148,0,0,108,0,7,7,0,0,10,35,1,6,0,322
2017,United Parcel Service,Pacific,0,501,0,0,364,0,23,22,0,0,33,118,3,21,0,1085
2017,Virgin America,Domestic,3,813,0,1141,262,0,9,71,685,0,32,18,3,128,0,3165
2017,Virgin America,Latin America,0,11,0,15,3,0,0,1,9,0,0,0,0,2,0,41
2017,XTRA Airways,Domestic,9,41,0,51,21,21,0,0,0,0,1,0,0,9,0,153
2017,XTRA Airways,Latin America,0,27,0,34,14,14,0,0,0,0,0,0,0,6,0,95
2018,ABX Air Inc,Atlantic,4,29,0,0,18,0,1,0,0,0,2,1,0,2,1,58
2018,ABX Air Inc,Domestic,28,218,0,0,135,0,6,0,0,0,13,5,2,13,8,428
2018,Air Transport International,Atlantic,1,44,0,37,31,0,0,4,0,2,1,3,0,9,0,132
2018,Air Transport International,Domestic,6,191,0,0,100,0,0,17,0,9,6,24,2,62,0,417
2018,Air Wisconsin Airlines Corp,Domestic,120,821,0,269,201,0,21,35,0,0,8,82,0,64,0,1621
2018,Alaska Airlines Inc.,Domestic,21,2712,98,5495,887,0,2910,233,1059,475,130,409,259,1861,0,16549
2018,Alaska Airlines Inc.,Latin America,1,159,6,322,52,0,171,14,62,28,8,24,15,109,0,971
2018,Allegiant Air,Domestic,44,870,82,1370,409,0,270,95,195,0,76,118,34,341,0,3904
2018,Aloha Air Cargo,Domestic,15,32,3,0,107,200,0,0,0,0,7,20,10,14,1,409
2018,American Airlines Inc.,Atlantic,11,2147,0,3985,2302,0,0,66,2196,2648,70,2628,174,0,0,16227
2018,American Airlines Inc.,Domestic,42,8367,0,15529,8970,0,0,256,8557,10320,271,10243,679,0,0,63234
2018,American Airlines Inc.,Latin America,10,2039,0,3785,2186,0,0,63,2085,2515,66,2496,165,0,0,15410
2018,American Airlines Inc.,Pacific,5,1068,0,1982,1145,0,0,33,1092,1317,35,1307,87,0,0,8071
2018,Amerijet International,Domestic,2,20,0,0,24,0,14,7,0,61,0,16,13,5,1,163
2018,Amerijet International,Latin America,8,67,0,0,80,0,44,23,0,200,0,52,42,15,4,535
2018,Asia Pacific,International,8,20,0,0,19,4,0,0,0,0,1,5,0,0,0,57
2018,Atlas Air Inc.,Domestic,304,1543,118,222,194,0,0,34,0,250,30,49,38,16,0,2798
2018,Atlas Air Inc.,International,21,108,8,16,14,0,0,2,0,17,2,3,2,1,0,194
2018,Avjet Corporation,Domestic,4,51,5,18,28,20,0,0,0,3,1,17,0,7,0,154
2018,"Caribbean Sun Airlines, Inc. d/b/a World Atlantic Airlines",Domestic,7,11,0,18,11,8,0,0,0,0,0,10,0,2,0,67
2018,"Caribbean Sun Airlines, Inc. d/b/a World Atlantic Airlines",International,10,15,0,27,15,12,0,0,0,0,0,15,1,2,0,97
2018,Compass Airlines,Domestic,0,656,0,538,150,0,4,63,0,0,136,7,0,192,0,1746
2018,Compass Airlines,Latin America,0,7,0,6,2,0,0,2,0,0,1,0,0,2,0,20
2018,Delta Air Lines Inc.,Atlantic,64,1902,0,3088,1378,0,644,115,3074,222,108,128,233,1753,0,12709
2018,Delta Air Lines Inc.,Domestic,314,9275,0,15058,6722,0,3142,559,14989,1083,525,626,1137,8549,0,61979
2018,Delta Air Lines Inc.,Latin America,41,1203,0,1952,872,0,407,73,1943,140,68,81,147,1109,0,8036
2018,Delta Air Lines Inc.,Pacific,28,826,0,1341,598,0,280,50,1335,96,47,56,101,761,0,5519
2018,"Eastern Airlines f/k/a Dynamic Airways, LLC",International,2,35,0,35,15,17,0,0,0,0,0,26,0,0,0,130
2018,Elite Airways LLC,Domestic,11,47,0,32,31,37,0,0,0,0,4,11,0,0,0,173
2018,Endeavor Air Inc.,Domestic,4,1663,38,1311,926,0,0,78,0,0,268,99,0,67,0,4454
2018,Envoy Air,Domestic,1012,2017,0,1406,1530,0,3549,0,4405,0,294,0,0,250,0,14463
2018,Envoy Air,Latin America,22,43,0,30,33,0,76,0,94,0,6,0,0,5,0,309
2018,ExpressJet Airlines Inc.,Domestic,0,1106,0,2068,823,0,0,16,75,0,0,0,0,0,0,4088
2018,ExpressJet Airlines Inc.,Latin America,0,34,0,64,25,0,0,0,0,0,0,0,0,0,0,123
2018,Federal Express Corporation,Atlantic,2651,576,39,0,719,0,912,1006,0,484,95,50,182,9708,38951,55373
2018,Federal Express Corporation,Domestic,765,2811,144,0,1219,0,288,54,0,12817,49,8,2,3665,73304,95126
2018,Federal Express Corporation,Latin America,1180,100,6,0,270,0,307,73,0,7686,46,24,81,4332,12901,27006
2018,Federal Express Corporation,Pacific,2522,905,50,0,823,0,1195,472,0,31,92,46,160,9900,16872,33068
2018,Frontier Airlines Inc.,Domestic,24,1293,0,2101,205,0,77,16,160,0,21,233,0,8,0,4138
2018,Frontier Airlines Inc.,Latin America,1,30,0,49,5,0,2,0,4,0,0,5,0,0,0,96
2018,GoJet Airlines LLC d/b/a United Express,Domestic,0,473,0,457,67,0,1,65,0,0,108,0,0,86,0,1257
2018,Gulf And Caribbean Cargo,Domestic,1,20,5,0,4,5,0,0,0,0,0,5,0,0,0,40
2018,Gulf And Caribbean Cargo,International,3,36,9,0,8,8,0,0,0,0,0,8,0,0,0,72
2018,Hawaiian Airlines Inc.,Domestic,85,536,0,1415,391,0,308,127,904,705,22,248,105,65,0,4911
2018,Hawaiian Airlines Inc.,Pacific,41,259,0,686,189,0,149,62,438,343,10,120,51,32,0,2380
2018,Horizon Air,Domestic,16,854,20,628,275,0,53,66,1902,69,125,25,4,15,0,4052
2018,"Jet Aviation Flight Services, Inc.",Domestic,0,339,0,65,100,14,0,0,0,0,0,0,0,0,215,733
2018,JetBlue Airways,Domestic,36,2688,21,3603,712,0,103,241,4907,58,291,211,160,1171,0,14202
2018,JetBlue Airways,Latin America,9,671,5,900,178,0,44,60,1226,0,0,53,40,293,0,3479
2018,Kalitta Air LLC,Domestic,3,103,1,0,153,0,23,23,0,16,30,26,0,1,0,379
2018,Kalitta Air LLC,International,10,374,4,0,554,0,83,84,0,56,108,95,0,24,0,1392
2018,Kalitta Charters II,Domestic,4,58,4,0,23,12,0,0,0,0,4,8,0,2,0,115
2018,Kalitta Charters II,International,1,14,0,0,5,3,0,0,0,0,1,2,0,1,0,27
2018,Lynden Air Cargo Airlines,Domestic,4,50,26,0,35,20,0,0,0,0,0,31,0,1,0,167
2018,Lynden Air Cargo Airlines,International,1,14,9,0,12,7,0,0,0,0,0,11,0,0,0,54
2018,Mesa Airlines Inc.,Domestic,95,1283,0,1236,323,0,59,46,0,0,20,95,0,88,0,3245
2018,Mesa Airlines Inc.,Latin America,7,101,0,98,25,0,5,4,0,0,2,7,0,7,0,256
2018,Miami Air International,Domestic,11,44,0,78,39,0,15,9,0,0,4,31,7,0,0,238
2018,Miami Air International,International,4,18,0,32,16,0,6,3,0,0,1,12,3,0,0,95
2018,National Air Cargo Group Inc d/ba National Airlines,Domestic,4,35,3,19,20,18,0,0,0,0,1,5,2,9,0,116
2018,National Air Cargo Group Inc d/ba National Airlines,International,3,21,3,18,19,18,0,0,0,0,1,5,2,9,0,99
2018,Northern Air Cargo Inc.,Domestic,11,49,5,0,28,55,0,0,0,0,5,14,4,13,58,242
2018,Northern Air Cargo Inc.,International,7,33,4,0,18,36,0,0,0,0,3,10,2,9,38,160
2018,Omni Air International LLC,Domestic,2,31,0,37,22,0,0,4,2,0,2,7,0,2,0,109
2018,Omni Air International LLC,International,19,236,0,277,161,0,8,40,14,0,17,55,2,12,0,841
2018,PSA Airlines Inc.,Domestic,7,1591,50,1095,398,0,97,51,0,0,148,154,0,495,0,4086
2018,Polar Air Cargo Airways,Atlantic,0,0,0,0,0,0,0,0,0,0,0,0,0,0,0,0
2018,Polar Air Cargo Airways,Domestic,16,0,0,2,1,0,0,19,0,22,0,4,23,1,0,88
2018,Polar Air Cargo Airways,Pacific,2,0,0,1,3,0,0,0,0,37,0,0,73,0,0,116
2018,Republic Airline,Domestic,27,2382,18,1968,708,0,0,167,19,0,63,284,0,281,0,5917
2018,Republic Airline,Latin America,1,50,1,40,14,0,0,3,1,0,1,6,0,5,0,122
2018,Sky Lease Cargo,International,21,79,30,0,59,92,0,0,0,0,0,13,3,113,0,410
2018,SkyWest Airlines Inc.,Domestic,6,4648,0,3796,2075,0,189,192,1613,11,52,85,0,144,0,12811
2018,SkyWest Airlines Inc.,Latin America,0,58,0,47,26,0,1,2,20,0,1,1,0,2,0,158
2018,Southern Air Inc.,Domestic,1,239,0,3,33,0,0,13,0,0,0,1,0,2,0,292
2018,Southwest Airlines Co.,Domestic,1650,8697,0,14707,2416,0,1365,438,9622,10220,182,1118,13,4305,0,54733
2018,Southwest Airlines Co.,Latin America,46,243,0,411,68,0,38,12,269,286,5,31,0,120,0,1529
2018,Spirit Air Lines,Domestic,1187,2087,0,3358,395,0,0,56,250,0,22,17,0,276,0,7648
2018,Spirit Air Lines,Latin America,114,200,0,322,38,0,0,5,24,0,2,2,0,26,0,733
2018,Sun Country Airlines d/b/a MN Airlines,Domestic,73,270,0,472,150,0,94,16,18,24,0,36,127,44,0,1324
2018,Sun Country Airlines d/b/a MN Airlines,Latin America,16,58,0,101,32,0,20,4,4,5,0,8,27,9,0,284
2018,Tatonduk Outfitters Limited d/b/a Everts Air Alaska and Everts Air Cargo,Domestic,12,50,14,0,114,88,0,0,0,0,5,43,6,22,0,354
2018,USA Jet Airlines Inc.,Domestic,3,63,0,0,47,0,0,0,0,14,6,3,0,123,188,447
2018,United Air Lines Inc.,Atlantic,90,1592,0,3152,1110,0,1976,162,3296,73,85,357,115,148,0,12156
2018,United Air Lines Inc.,Domestic,415,7342,0,14539,5121,0,9116,747,15202,338,395,1648,531,683,0,56077
2018,United Air Lines Inc.,Latin America,68,1196,0,2369,834,0,1485,122,2477,55,64,268,87,111,0,9136
2018,United Air Lines Inc.,Pacific,69,1214,0,2404,847,0,1507,123,2514,56,65,272,88,113,0,9272
2018,United Parcel Service,Atlantic,0,358,0,0,258,0,15,17,0,0,22,81,2,14,0,767
2018,United Parcel Service,Domestic,0,1748,0,0,1257,0,75,81,0,0,109,397,10,69,0,3746
2018,United Parcel Service,Latin America,0,146,0,0,105,0,6,7,0,0,9,33,1,6,0,313
2018,United Parcel Service,Pacific,0,473,0,0,340,0,20,22,0,0,29,108,3,19,0,1014
2018,Western Global,Domestic,7,206,0,0,124,0,12,13,0,55,13,12,0,35,0,477
2018,XTRA Airways,Domestic,9,21,1,26,12,11,0,0,0,0,1,0,0,5,0,86
2019,ABX Air Inc,Atlantic,3,19,0,0,12,0,2,0,0,0,2,0,0,1,1,40
2019,ABX Air Inc,Domestic,28,214,0,0,133,0,17,0,0,0,21,6,2,13,8,442
2019,Air Transport International,Atlantic,3,38,0,4,27,0,0,1,0,0,0,2,0,5,0,80
2019,Air Transport International,Domestic,48,316,0,33,156,0,0,23,0,11,6,30,2,68,0,693
2019,Air Wisconsin Airlines Corp,Domestic,125,793,0,265,184,0,22,36,0,0,16,80,0,70,0,1591
2019,Alaska Airlines Inc.,Domestic,21,2893,99,5737,898,0,2921,234,1062,477,131,410,260,1867,0,17010
2019,Alaska Airlines Inc.,Latin America,1,155,5,306,48,0,156,13,57,25,7,22,14,100,0,909
2019,Allegiant Air,Domestic,46,953,89,1626,420,0,287,95,200,0,61,104,48,211,0,4140
2019,Aloha Air Cargo,Domestic,16,34,3,0,141,0,0,0,0,161,6,21,4,22,0,408
2019,American Airlines Inc.,Atlantic,11,2337,0,4218,2633,0,0,85,2337,2864,83,2843,184,0,0,17595
2019,American Airlines Inc.,Domestic,39,8586,0,15502,9677,0,0,312,8586,10523,305,10447,677,0,0,64654
2019,American Airlines Inc.,Latin America,9,1961,0,3539,2209,0,0,71,1961,2403,70,2385,155,0,0,14763
2019,American Airlines Inc.,Pacific,4,957,0,1727,1078,0,0,35,957,1173,34,1164,75,0,0,7204
2019,Amerijet International,Domestic,4,36,0,0,43,0,23,10,0,102,0,31,19,7,2,277
2019,Amerijet International,Latin America,6,53,0,0,64,0,33,15,0,151,0,46,29,11,3,411
2019,Asia Pacific,International,8,25,0,0,22,3,0,0,0,0,1,4,0,0,0,63
2019,Atlas Air Inc.,Domestic,341,1611,141,263,222,0,0,40,0,297,34,52,38,22,0,3061
2019,Atlas Air Inc.,International,13,62,5,10,9,0,0,2,0,11,1,2,1,1,0,117
2019,Avjet Corporation,Domestic,4,53,6,19,29,21,0,0,0,3,1,18,0,7,0,161
2019,"Caribbean Sun Airlines, Inc. d/b/a World Atlantic Airlines",Domestic,10,18,0,20,15,0,6,7,0,0,0,6,1,6,0,89
2019,"Caribbean Sun Airlines, Inc. d/b/a World Atlantic Airlines",International,9,15,0,17,12,0,5,5,0,0,0,5,1,5,0,74
2019,Compass Airlines,Domestic,0,532,0,424,136,0,4,72,0,0,66,6,0,189,0,1429
2019,Compass Airlines,Latin America,0,4,0,3,1,0,0,0,0,0,0,0,0,1,0,9
2019,Delta Air Lines Inc.,Atlantic,69,1872,0,3185,1233,0,658,114,3089,210,138,136,231,1927,0,12862
2019,Delta Air Lines Inc.,Domestic,342,9293,0,15809,6122,0,3265,568,15331,1040,683,673,1147,9566,0,63839
2019,Delta Air Lines Inc.,Latin America,41,1111,0,1891,732,0,391,68,1834,124,82,81,137,1144,0,7636
2019,Delta Air Lines Inc.,Pacific,29,789,0,1343,520,0,277,48,1302,88,58,57,97,813,0,5421
2019,"Eastern Airlines f/k/a Dynamic Airways, LLC",International,14,50,0,41,18,21,0,0,0,0,1,13,0,3,0,161
2019,Elite Airways LLC,Domestic,9,32,0,24,32,19,0,0,0,0,0,7,0,0,0,123
2019,Endeavor Air Inc.,Domestic,4,1748,46,1361,988,0,0,79,0,0,182,110,0,80,0,4598
2019,Envoy Air,Domestic,1149,2109,0,1510,1565,0,3808,0,4923,0,230,0,0,265,0,15559
2019,Envoy Air,Latin America,27,49,0,35,36,0,88,0,114,0,5,0,0,6,0,360
2019,ExpressJet Airlines LLC,Domestic,0,1204,0,1072,517,0,0,13,0,0,0,0,0,0,0,2806
2019,ExpressJet Airlines LLC,Latin America,0,37,0,64,16,0,0,0,0,0,0,0,0,0,0,117
2019,Federal Express Corporation,Atlantic,2783,670,48,0,814,0,944,995,0,428,99,53,146,10488,39618,57086
2019,Federal Express Corporation,Domestic,715,2870,146,0,1183,0,290,57,0,13260,48,8,1,3589,75450,97617
2019,Federal Express Corporation,Latin America,1057,90,6,0,204,0,325,88,0,8355,45,24,54,3714,12938,26900
2019,Federal Express Corporation,Pacific,2594,916,42,0,885,0,1125,438,0,25,93,48,123,10436,16669,33394
2019,Frontier Airlines Inc.,Domestic,25,1473,0,2496,237,0,91,19,154,0,42,258,0,9,0,4804
2019,Frontier Airlines Inc.,Latin America,1,49,0,83,8,0,3,1,5,0,1,9,0,0,0,160
2019,GoJet Airlines LLC d/b/a United Express,Domestic,0,419,0,289,56,0,0,56,0,0,82,0,0,75,0,977
2019,Gulf And Caribbean Cargo,Domestic,2,25,4,0,4,6,0,0,0,0,0,5,0,0,0,46
2019,Gulf And Caribbean Cargo,International,2,38,6,0,7,9,0,0,0,0,0,7,0,0,0,69
2019,Hawaiian Airlines Inc.,Domestic,89,586,0,1466,419,0,298,132,893,684,23,316,102,76,0,5084
2019,Hawaiian Airlines Inc.,Pacific,42,273,0,685,196,0,139,62,417,319,11,147,48,35,0,2374
2019,Horizon Air,Domestic,18,824,22,685,261,0,58,73,2097,76,138,28,4,17,0,4301
2019,JetBlue Airways,Domestic,39,2840,19,3888,726,0,107,257,4905,62,368,215,157,1214,0,14797
2019,JetBlue Airways,Latin America,10,708,5,969,181,0,47,64,1222,0,0,53,39,302,0,3600
2019,Kalitta Air LLC,Domestic,3,191,2,0,235,0,37,40,0,24,40,33,0,1,0,606
2019,Kalitta Air LLC,International,8,447,5,0,550,0,87,92,0,55,94,76,0,65,0,1479
2019,Kalitta Charters II,Domestic,4,62,5,0,26,14,0,0,0,0,7,9,0,2,0,129
2019,Kalitta Charters II,International,1,11,0,0,4,3,0,0,0,0,1,2,0,1,0,23
2019,Lynden Air Cargo Airlines,Domestic,5,44,24,0,37,22,0,0,0,0,0,42,0,0,0,174
2019,Lynden Air Cargo Airlines,International,0,20,11,0,17,10,0,0,0,0,0,0,0,0,0,58
2019,Mesa Airlines Inc.,Domestic,93,1312,0,1205,34,0,55,57,0,0,4,93,0,109,0,2962
2019,Mesa Airlines Inc.,Latin America,8,110,0,101,3,0,5,5,0,0,0,8,0,9,0,249
2019,Miami Air International,Domestic,8,31,0,66,28,0,11,7,0,0,2,24,5,0,0,182
2019,Miami Air International,International,8,28,0,58,24,0,10,7,0,0,2,22,5,0,0,164
2019,National Air Cargo Group Inc d/ba National Airlines,Domestic,3,41,4,11,20,0,5,5,0,8,2,6,2,9,0,116
2019,National Air Cargo Group Inc d/ba National Airlines,International,3,17,4,11,19,0,4,4,0,8,1,5,1,9,0,86
2019,Northern Air Cargo Inc.,Domestic,12,42,6,0,28,0,8,13,0,32,3,12,3,14,31,204
2019,Northern Air Cargo Inc.,International,10,34,5,0,22,0,6,10,0,27,3,10,2,11,26,166
2019,Omni Air International LLC,Domestic,2,31,0,33,20,0,0,4,2,0,2,7,1,1,0,103
2019,Omni Air International LLC,International,18,278,0,307,173,0,8,49,15,0,18,58,4,13,0,941
2019,PSA Airlines Inc.,Domestic,8,1729,1,1345,471,0,103,58,0,0,171,191,0,495,0,4572
2019,Polar Air Cargo Airways,Domestic,19,0,0,2,1,0,0,19,0,16,0,4,36,1,0,98
2019,Polar Air Cargo Airways,Pacific,3,0,0,1,3,0,0,0,0,42,0,0,81,0,0,130
2019,Republic Airline,Domestic,36,2419,19,2250,779,0,0,181,22,0,66,264,0,257,0,6293
2019,Republic Airline,Latin America,1,25,0,23,8,0,0,2,1,0,1,3,0,3,0,67
2019,"Scott Aviation, LLC  d/b/a  Silver Air",Domestic,0,29,0,32,2,6,0,0,0,0,0,0,0,0,0,69
2019,Sky Lease Cargo,International,13,66,18,0,28,0,82,14,0,68,0,2,0,67,0,358
2019,SkyWest Airlines Inc.,Domestic,6,5175,0,4076,2145,0,183,176,1407,10,57,85,0,212,0,13532
2019,SkyWest Airlines Inc.,Latin America,0,64,0,50,27,0,2,2,18,0,1,1,0,3,0,168
2019,Southern Air Inc.,Domestic,1,363,0,3,36,0,0,13,0,0,0,1,0,1,0,418
2019,Southwest Airlines Co.,Domestic,1698,8989,0,15475,2482,0,1362,449,9668,10674,183,934,9,4847,0,56770
2019,Southwest Airlines Co.,Latin America,45,236,0,407,65,0,36,12,254,281,5,25,0,127,0,1493
2019,Spirit Air Lines,Domestic,1239,2126,0,3592,395,0,0,66,264,0,27,19,0,314,0,8042
2019,Spirit Air Lines,Latin America,149,255,0,430,47,0,0,8,32,0,3,2,0,38,0,964
2019,Sun Country Airlines d/b/a MN Airlines,Domestic,76,303,0,534,149,0,31,17,10,2,0,42,130,38,0,1332
2019,Sun Country Airlines d/b/a MN Airlines,Latin America,12,50,0,88,24,0,5,3,2,0,0,7,21,6,0,218
2019,"Swift Air, LLC d/b/a Eastern Air Lines d/b/a Eastern",Domestic,0,56,0,53,26,0,7,7,3,1,3,5,2,8,0,171
2019,"Swift Air, LLC d/b/a Eastern Air Lines d/b/a Eastern",International,1,115,0,108,54,0,15,13,6,1,7,9,3,15,0,347
2019,Tatonduk Outfitters Limited d/b/a Everts Air Alaska and Everts Air Cargo,Domestic,14,54,11,0,104,90,0,0,0,0,4,45,5,20,0,347
2019,USA Jet Airlines Inc.,Domestic,4,62,0,0,48,0,0,0,0,14,7,3,0,123,119,380
2019,United Air Lines Inc.,Atlantic,88,1610,0,3212,1052,0,1911,142,3560,71,92,392,110,149,0,12389
2019,United Air Lines Inc.,Domestic,418,7637,0,15237,4991,0,9066,677,16888,338,438,1859,523,707,0,58779
2019,United Air Lines Inc.,Latin America,67,1214,0,2421,793,0,1441,107,2684,54,70,295,83,112,0,9341
2019,United Air Lines Inc.,Pacific,68,1248,0,2491,816,0,1482,110,2761,55,72,304,85,115,0,9607
2019,United Parcel Service,Atlantic,0,356,0,0,262,0,15,17,0,0,20,77,2,12,0,761
2019,United Parcel Service,Domestic,0,1882,0,0,1383,0,77,90,0,0,108,405,10,64,0,4019
2019,United Parcel Service,Latin America,0,143,0,0,105,0,6,7,0,0,8,31,1,5,0,306
2019,United Parcel Service,Pacific,0,455,0,0,334,0,19,22,0,0,26,98,2,16,0,972
2019,Western Global,Domestic,10,179,0,0,146,0,8,25,0,46,12,12,1,2,0,441
2019,XTRA Airways,Domestic,10,3,4,0,2,2,0,0,0,0,0,0,0,0,0,21
2020,ABX Air Inc,Atlantic,3,19,3,0,11,0,2,0,0,0,1,0,0,1,1,41
2020,ABX Air Inc,Domestic,30,212,33,0,125,0,19,0,0,0,14,5,1,12,9,460
2020,Air Transport International,Atlantic,2,47,0,36,38,0,0,3,0,1,0,4,0,9,0,140
2020,Air Transport International,Domestic,29,358,0,0,210,0,0,33,0,10,10,43,2,90,0,785
2020,Air Wisconsin Airlines Corp,Domestic,96,422,0,237,139,0,20,31,0,0,4,65,0,52,0,1066
2020,Alaska Airlines Inc.,Domestic,18,2699,84,5200,776,0,2509,201,913,409,113,352,223,1605,0,15102
2020,Alaska Airlines Inc.,Latin America,2,275,9,530,79,0,256,21,93,42,11,36,23,164,0,1541
2020,Allegiant Air,Domestic,43,1001,59,1583,416,0,278,92,181,0,34,88,39,139,0,3953
2020,Aloha Air Cargo,Domestic,10,43,9,0,149,0,1,0,0,190,7,10,4,22,2,447
2020,American Airlines Inc.,Atlantic,4,995,0,1116,1205,0,0,41,893,1182,42,1144,93,0,0,6715
2020,American Airlines Inc.,Domestic,38,8699,0,9758,10540,0,0,363,7806,10333,364,10000,808,0,0,58709
2020,American Airlines Inc.,Latin America,6,1493,0,1674,1809,0,0,62,1339,1773,62,1716,139,0,0,10073
2020,American Airlines Inc.,Pacific,2,417,0,467,505,0,0,17,374,495,17,479,39,0,0,2812
2020,Amerijet International,Domestic,4,57,0,0,49,0,23,18,0,111,0,32,21,8,4,327
2020,Amerijet International,Latin America,5,81,0,0,70,0,32,26,0,159,0,45,31,12,5,466
2020,Asia Pacific,International,8,33,0,0,24,4,0,0,0,0,1,4,0,0,0,74
2020,Atlas Air Inc.,Domestic,346,1847,154,272,218,0,0,31,0,349,32,50,39,21,0,3359
2020,Atlas Air Inc.,International,13,67,6,10,8,0,0,1,0,13,1,2,1,1,0,123
2020,Avjet Corporation,Domestic,3,44,5,15,24,17,0,0,0,2,1,15,0,6,0,132
2020,"Caribbean Sun Airlines, Inc. d/b/a World Atlantic Airlines",Domestic,4,8,0,10,6,0,3,3,0,0,0,3,0,6,0,43
2020,"Caribbean Sun Airlines, Inc. d/b/a World Atlantic Airlines",International,15,25,0,35,20,0,8,12,0,0,0,8,1,18,0,142
2020,"Commutair Aka Champlain Enterprises, Inc.",Domestic,11,468,0,182,190,0,11,89,0,0,24,44,0,101,0,1120
2020,Delta Air Lines Inc.,Atlantic,30,1045,0,1143,557,0,300,58,1325,87,73,70,114,860,0,5662
2020,Delta Air Lines Inc.,Domestic,280,9803,0,10727,5230,0,2815,548,12436,820,690,659,1065,8073,0,53146
2020,Delta Air Lines Inc.,Latin America,26,920,0,1006,491,0,264,51,1167,77,65,62,100,757,0,4986
2020,Delta Air Lines Inc.,Pacific,14,489,0,535,261,0,140,27,620,41,34,33,53,403,0,2650
2020,"Eastern Airlines f/k/a Dynamic Airways, LLC",Domestic,15,37,48,62,12,29,0,0,0,0,9,14,3,14,0,243
2020,"Eastern Airlines f/k/a Dynamic Airways, LLC",International,0,0,0,33,0,1,0,0,0,0,0,0,0,0,0,34
2020,Elite Airways LLC,Domestic,9,17,0,8,26,0,1,7,1,0,0,3,0,0,0,72
2020,Endeavor Air Inc.,Domestic,5,1579,44,1133,1007,0,0,69,0,0,173,91,0,73,0,4174
2020,Envoy Air,Domestic,1413,1937,0,1444,1549,0,3076,0,3576,0,182,0,0,147,0,13324
2020,Envoy Air,Latin America,27,37,0,28,30,0,59,0,68,0,3,0,0,3,0,255
2020,Federal Express Corporation,Atlantic,2107,649,29,0,666,0,790,825,0,585,44,46,112,8972,38341,53166
2020,Federal Express Corporation,Domestic,763,2694,144,0,1103,0,288,55,0,13626,35,8,1,3563,79657,101937
2020,Federal Express Corporation,Latin America,877,80,7,0,167,0,378,278,0,9461,21,22,45,3523,11372,26231
2020,Federal Express Corporation,Pacific,3015,1092,53,0,1116,0,1435,522,0,28,58,58,134,13916,18665,40092
2020,Frontier Airlines Inc.,Domestic,26,1533,0,2507,243,0,92,18,148,0,43,227,0,12,0,4849
2020,Frontier Airlines Inc.,Latin America,1,49,0,81,8,0,3,1,5,0,1,7,0,0,0,156
2020,GoJet Airlines LLC d/b/a United Express,Domestic,0,248,0,117,172,0,5,37,0,0,3,8,0,116,0,706
2020,Gulf And Caribbean Cargo,Domestic,2,25,4,0,5,5,0,0,0,0,0,5,0,0,0,46
2020,Gulf And Caribbean Cargo,International,2,42,6,0,8,7,0,0,0,0,0,7,0,0,0,72
2020,Hawaiian Airlines Inc.,Domestic,107,719,0,1295,505,0,273,140,576,514,31,420,106,88,0,4774
2020,Hawaiian Airlines Inc.,Pacific,7,46,0,83,32,0,17,9,37,33,2,27,7,6,0,306
2020,Horizon Air,Domestic,13,793,15,701,249,0,41,51,1467,53,96,20,0,12,0,3511
2020,"Jet Aviation Flight Services, Inc.",Domestic,1,339,0,65,100,14,0,0,0,0,0,2,0,0,121,642
2020,JetBlue Airways,Domestic,50,3418,22,4203,745,0,106,291,3883,55,333,225,131,1297,0,14759
2020,JetBlue Airways,Latin America,4,287,2,352,63,0,49,24,326,0,0,19,11,109,0,1246
2020,Kalitta Air LLC,Domestic,3,147,2,0,174,0,40,29,0,17,39,25,0,1,0,477
2020,Kalitta Air LLC,International,10,520,10,0,616,0,141,103,0,62,139,88,0,62,0,1751
2020,Kalitta Charters II,Domestic,5,67,4,0,23,14,0,0,0,0,5,9,0,2,0,129
2020,Kalitta Charters II,International,1,17,0,0,5,3,0,0,0,0,1,2,0,1,0,30
2020,Lynden Air Cargo Airlines,Domestic,5,46,27,0,46,0,0,8,0,15,0,27,0,0,0,174
2020,Lynden Air Cargo Airlines,International,1,15,8,0,14,0,0,3,0,5,0,8,0,0,0,54
2020,Mesa Airlines Inc.,Domestic,111,1111,0,1024,329,0,51,46,0,0,18,87,0,110,0,2887
2020,Mesa Airlines Inc.,Latin America,9,95,0,87,28,0,4,4,0,0,1,7,0,9,0,244
2020,National Air Cargo Group Inc d/ba National Airlines,Domestic,3,15,4,19,23,0,5,6,0,8,1,4,3,7,0,98
2020,National Air Cargo Group Inc d/ba National Airlines,International,4,100,4,19,23,0,6,6,0,8,2,5,4,8,0,189
2020,Northern Air Cargo Inc.,Domestic,17,47,7,6,30,14,0,0,0,40,3,21,3,15,34,237
2020,Northern Air Cargo Inc.,International,19,53,7,6,33,15,0,0,0,46,4,23,3,17,39,265
2020,Omni Air International LLC,Domestic,0,6,0,8,4,0,0,0,0,0,0,1,0,0,0,19
2020,Omni Air International LLC,International,20,345,0,375,211,0,12,58,18,0,17,70,5,13,0,1144
2020,PSA Airlines Inc.,Domestic,7,1614,0,1186,624,0,119,59,0,0,139,204,0,269,0,4221
2020,Polar Air Cargo Airways,Atlantic,0,0,0,0,0,0,0,0,0,0,0,0,0,0,0,0
2020,Polar Air Cargo Airways,Domestic,19,0,2,0,1,0,0,0,0,30,0,3,27,1,0,83
2020,Polar Air Cargo Airways,Pacific,4,0,0,0,0,0,0,0,0,41,0,0,80,0,0,125
2020,Republic Airline,Domestic,25,2307,7,2053,677,0,0,135,17,0,38,252,0,179,0,5690
2020,Republic Airline,Latin America,1,24,7,21,7,0,0,2,1,0,1,3,0,2,0,69
2020,Rhoades Aviation dba Transair,Domestic,2,42,0,13,10,15,0,0,0,0,8,4,0,8,0,102
2020,Rhoades Aviation dba Transair,International,3,49,0,16,11,18,0,0,0,0,9,4,0,11,0,121
2020,"Scott Aviation, LLC  d/b/a  Silver Air",Domestic,0,45,0,47,1,4,0,0,0,0,0,0,0,0,0,97
2020,Sky Lease Cargo,International,13,63,17,0,22,0,0,12,0,73,0,3,0,76,0,279
2020,SkyWest Airlines Inc.,Domestic,6,5070,0,3819,2038,0,142,161,957,0,45,67,0,147,0,12452
2020,SkyWest Airlines Inc.,Latin America,0,20,0,15,8,0,1,1,4,0,0,0,0,1,0,50
2020,Southern Air Inc.,Domestic,0,518,0,3,34,0,0,13,0,0,0,1,0,1,0,570
2020,Southwest Airlines Co.,Domestic,1633,8350,0,14179,2445,0,1156,400,7727,9425,170,925,9,4891,0,51310
2020,Southwest Airlines Co.,Latin America,28,145,0,246,42,0,20,7,134,163,3,16,0,85,0,889
2020,Spirit Air Lines,Domestic,1149,2224,0,3629,396,0,0,69,287,0,25,20,0,265,0,8064
2020,Spirit Air Lines,Latin America,158,306,0,500,55,0,0,9,39,0,4,3,0,37,0,1111
2020,Sun Country Airlines d/b/a MN Airlines,Domestic,72,326,0,525,159,0,75,19,8,2,0,38,104,30,0,1358
2020,Sun Country Airlines d/b/a MN Airlines,Latin America,12,52,0,85,26,0,12,3,1,0,0,6,17,5,0,219
2020,"Swift Air, LLC d/b/a Eastern Air Lines d/b/a Eastern",Domestic,1,87,0,81,54,0,15,11,6,1,5,10,3,12,0,286
2020,"Swift Air, LLC d/b/a Eastern Air Lines d/b/a Eastern",International,0,75,0,70,47,0,13,9,5,1,5,8,3,10,0,246
2020,Tatonduk Outfitters Limited d/b/a Everts Air Alaska and Everts Air Cargo,Domestic,14,61,12,0,108,110,0,0,0,0,4,41,4,23,0,377
2020,USA Jet Airlines Inc.,Domestic,6,62,33,0,45,0,0,0,0,16,7,12,0,79,139,399
2020,United Air Lines Inc.,Atlantic,74,1340,0,1929,499,0,1771,102,2402,56,83,321,91,86,0,8754
2020,United Air Lines Inc.,Domestic,371,6731,0,9692,2510,0,8897,514,12068,279,414,1614,458,434,0,43982
2020,United Air Lines Inc.,Latin America,84,1523,0,2192,568,0,2013,116,2730,63,94,365,104,98,0,9950
2020,United Air Lines Inc.,Pacific,56,1009,0,1452,376,0,1333,77,1808,42,62,242,69,65,0,6591
2020,United Parcel Service,Atlantic,0,324,0,0,241,0,13,16,0,0,18,70,2,10,0,694
2020,United Parcel Service,Domestic,0,1996,0,0,1489,0,80,101,0,0,111,430,10,62,0,4279
2020,United Parcel Service,Latin America,0,132,0,0,98,0,5,7,0,0,7,28,1,4,0,282
2020,United Parcel Service,Pacific,0,480,0,0,358,0,19,24,0,0,27,103,2,15,0,1028
2020,Western Global,Domestic,9,186,0,0,109,0,10,17,0,44,3,26,1,4,0,409
2021,ABX Air Inc,Atlantic,4,35,0,0,18,0,4,0,0,0,2,1,0,2,1,67
2021,ABX Air Inc,Domestic,24,221,0,0,115,0,25,0,0,0,10,5,1,11,9,421
2021,Air Transport International,Atlantic,1,28,0,30,45,0,0,1,0,0,0,2,0,4,0,111
2021,Air Transport International,Domestic,42,444,0,0,223,0,0,40,0,9,9,50,1,108,0,926
2021,Air Wisconsin Airlines Corp,Domestic,111,598,0,264,124,0,16,33,0,0,14,70,0,52,0,1282
2021,Alaska Airlines Inc.,Domestic,19,2779,90,5019,826,0,2675,215,973,437,120,376,238,1712,0,15479
2021,Alaska Airlines Inc.,Latin America,2,283,9,511,84,0,273,22,99,44,12,38,24,174,0,1575
2021,Allegiant Air,Domestic,44,1094,62,1754,504,0,590,99,197,0,37,105,45,176,0,4707
2021,Aloha Air Cargo,Domestic,12,54,5,0,119,0,1,0,0,219,8,5,5,17,0,445
2021,American Airlines Inc.,Atlantic,5,1258,0,1908,1306,0,0,57,1267,1523,79,1146,149,0,0,8698
2021,American Airlines Inc.,Domestic,39,10029,0,15214,10416,0,0,458,10108,12144,626,9140,1189,0,0,69363
2021,American Airlines Inc.,Latin America,9,2450,0,3717,2545,0,0,112,2469,2966,153,2233,290,0,0,16944
2021,American Airlines Inc.,Pacific,1,252,0,382,262,0,0,12,254,305,16,230,30,0,0,1744
2021,Amerijet International,Domestic,7,101,0,0,85,0,27,31,0,184,3,56,33,18,5,550
2021,Amerijet International,Latin America,4,54,0,0,45,0,15,16,0,98,2,30,17,9,2,292
2021,Asia Pacific,International,7,46,2,0,23,5,0,0,0,0,2,4,0,0,0,89
2021,Atlas Air Inc.,Domestic,372,2255,160,306,262,0,0,41,0,336,49,59,41,23,0,3904
2021,Atlas Air Inc.,International,13,82,6,11,10,0,0,2,0,12,2,2,1,1,0,142
2021,Breeze Aviation Group DBA  Breeze,Domestic,6,87,0,31,68,232,0,0,0,0,26,2,0,100,0,552
2021,"Caribbean Sun Airlines, Inc. d/b/a World Atlantic Airlines",Domestic,3,12,0,18,12,0,2,4,3,0,0,24,0,6,0,84
2021,"Caribbean Sun Airlines, Inc. d/b/a World Atlantic Airlines",International,4,18,0,27,18,0,3,7,5,0,0,38,1,9,0,130
2021,"Commutair Aka Champlain Enterprises, Inc.",Domestic,12,566,0,221,248,0,10,100,0,0,41,47,0,121,0,1366
2021,Delta Air Lines Inc.,Atlantic,38,867,0,1241,565,0,339,53,1329,85,66,69,98,873,0,5623
2021,Delta Air Lines Inc.,Domestic,387,8780,0,12559,5720,0,3429,540,13457,864,666,696,990,8835,0,56923
2021,Delta Air Lines Inc.,Latin America,47,1060,0,1516,690,0,414,65,1624,104,80,84,120,1066,0,6870
2021,Delta Air Lines Inc.,Pacific,12,276,0,395,180,0,108,17,423,27,21,22,31,278,0,1790
2021,"Eastern Airlines f/k/a Dynamic Airways, LLC",Domestic,16,41,33,54,7,16,0,0,0,0,9,18,4,14,0,212
2021,"Eastern Airlines f/k/a Dynamic Airways, LLC",International,0,0,0,33,0,3,0,0,0,0,0,0,0,0,0,36
2021,Elite Airways LLC,Domestic,10,27,0,14,27,0,1,8,1,0,2,3,0,0,0,93
2021,Endeavor Air Inc.,Domestic,6,1607,49,1475,1073,0,0,81,0,0,250,104,0,85,0,4730
2021,Envoy Air,Domestic,1422,1884,0,1501,1442,0,3286,0,4078,0,231,0,0,122,0,13966
2021,Envoy Air,Latin America,40,53,0,42,41,0,93,0,115,0,7,0,0,3,0,394
2021,Federal Express Corporation,Atlantic,2104,661,34,0,662,0,813,831,0,1154,36,46,151,9409,37973,53874
2021,Federal Express Corporation,Domestic,1032,2905,143,0,1142,0,294,54,0,14688,30,8,1,3843,90833,114973
2021,Federal Express Corporation,Latin America,877,89,7,0,176,0,412,338,0,10513,17,22,59,3785,10722,27017
2021,Federal Express Corporation,Pacific,2847,1100,49,0,1113,0,1497,516,0,28,47,57,154,13918,19404,40730
2021,Frontier Airlines Inc.,Domestic,25,1571,0,2648,253,0,114,9,171,0,24,233,0,10,0,5058
2021,Frontier Airlines Inc.,Latin America,2,138,0,233,22,0,10,1,15,0,2,20,0,1,0,444
2021,GoJet Airlines LLC d/b/a United Express,Domestic,0,354,0,227,232,0,8,46,0,0,155,15,0,179,0,1216
2021,Gulf And Caribbean Cargo,Domestic,1,28,5,0,5,5,0,0,0,0,0,5,0,0,0,49
2021,Gulf And Caribbean Cargo,International,3,49,9,0,10,9,0,0,0,0,0,8,0,0,0,88
2021,Hawaiian Airlines Inc.,Domestic,106,770,0,1844,534,0,350,167,981,664,33,428,127,99,0,6103
2021,Hawaiian Airlines Inc.,Pacific,8,58,0,139,40,0,26,13,74,49,3,33,10,7,0,460
2021,Horizon Air,Domestic,13,816,15,625,240,0,42,52,1507,54,98,21,0,12,0,3495
2021,"Jet Aviation Flight Services, Inc.",Domestic,1,339,0,65,100,11,0,0,0,0,0,2,0,0,110,628
2021,JetBlue Airways,Atlantic,0,14,0,16,3,0,1,1,18,0,0,1,0,5,0,59
2021,JetBlue Airways,Domestic,41,2745,16,3197,622,0,85,220,3693,45,401,149,58,1066,0,12338
2021,JetBlue Airways,Latin America,15,968,6,1127,219,0,54,77,1302,0,0,53,20,376,0,4217
2021,Kalitta Air LLC,Domestic,1,103,1,0,127,0,35,23,0,13,27,18,0,1,0,349
2021,Kalitta Air LLC,International,6,586,8,0,718,0,199,127,0,75,155,99,0,81,0,2054
2021,Lynden Air Cargo Airlines,Domestic,5,33,19,0,40,0,0,9,0,12,0,23,0,0,0,141
2021,Lynden Air Cargo Airlines,International,2,21,11,0,25,0,0,5,0,7,0,14,0,0,0,85
2021,Mesa Airlines Inc.,Domestic,123,1090,0,997,353,0,39,38,0,0,13,85,0,112,0,2850
2021,Mesa Airlines Inc.,Latin America,9,83,0,76,27,0,3,3,0,0,1,7,0,8,0,217
2021,National Air Cargo Group Inc d/ba National Airlines,Domestic,5,8,5,16,34,0,5,6,0,14,3,6,2,13,0,117
2021,National Air Cargo Group Inc d/ba National Airlines,International,6,81,5,16,34,0,5,6,0,14,3,6,3,13,0,192
2021,Northern Air Cargo Inc.,Domestic,15,48,9,0,52,0,13,0,0,30,2,21,2,16,0,208
2021,Northern Air Cargo Inc.,International,23,71,14,0,77,0,20,0,0,46,3,31,3,24,1,313
2021,Omni Air International LLC,Domestic,1,19,0,21,15,0,1,4,1,0,1,5,0,1,0,69
2021,Omni Air International LLC,International,21,302,0,323,236,0,10,72,21,0,14,73,6,16,0,1094
2021,PSA Airlines Inc.,Domestic,7,1699,46,1383,547,0,112,51,0,0,166,183,0,245,0,4439
2021,Piedmont Airlines,Domestic,7,565,0,293,377,0,0,49,4,0,50,76,0,723,0,2144
2021,Polar Air Cargo Airways,Atlantic,0,0,0,0,0,0,0,0,0,0,0,0,0,0,0,0
2021,Polar Air Cargo Airways,Domestic,18,0,0,2,1,0,0,0,0,33,0,4,24,1,0,83
2021,Polar Air Cargo Airways,Pacific,7,0,0,0,0,0,0,0,0,41,0,0,78,0,0,126
2021,Republic Airline,Domestic,73,2504,7,2128,807,0,0,177,19,0,65,243,0,188,0,6211
2021,Republic Airline,Latin America,1,25,0,20,8,0,0,2,1,0,1,3,0,2,0,63
2021,"Scott Aviation, LLC  d/b/a  Silver Air",Domestic,0,52,0,55,3,9,0,0,0,0,0,0,0,0,0,119
2021,Sky Lease Cargo,International,10,59,18,0,21,0,0,13,0,96,0,1,0,64,0,282
2021,SkyWest Airlines Inc.,Domestic,7,5664,0,4666,2211,0,189,167,1079,0,68,59,0,171,0,14281
2021,SkyWest Airlines Inc.,Latin America,0,41,0,33,16,0,1,1,8,0,0,0,0,1,0,101
2021,Southwest Airlines Co.,Domestic,1738,7321,0,13256,2395,0,1150,397,8437,9833,151,882,10,4816,0,50386
2021,Southwest Airlines Co.,Latin America,36,151,0,274,49,0,24,8,174,203,3,18,0,99,0,1039
2021,Spirit Air Lines,Domestic,1116,2388,0,4057,474,0,0,64,202,0,47,21,0,236,0,8605
2021,Spirit Air Lines,Latin America,218,467,0,792,93,0,0,13,39,0,9,4,0,46,0,1681
2021,Sun Country Airlines d/b/a MN Airlines,Domestic,72,385,0,504,180,0,174,21,11,9,0,38,111,24,0,1529
2021,Sun Country Airlines d/b/a MN Airlines,Latin America,9,48,0,62,22,0,22,3,1,1,0,5,14,3,0,190
2021,"Swift Air, LLC d/b/a Eastern Air Lines d/b/a Eastern",Domestic,9,170,0,140,100,0,34,17,13,2,9,22,1,21,0,538
2021,"Swift Air, LLC d/b/a Eastern Air Lines d/b/a Eastern",International,2,29,0,24,17,0,6,3,2,0,1,4,0,3,0,91
2021,Tatonduk Outfitters Limited d/b/a Everts Air Alaska and Everts Air Cargo,Domestic,11,52,12,0,109,102,0,0,0,0,6,43,2,29,0,366
2021,USA Jet Airlines Inc.,Domestic,12,65,36,0,65,0,0,0,0,18,7,13,0,78,130,424
2021,United Air Lines Inc.,Atlantic,59,1263,0,1599,685,0,1274,96,2454,49,98,218,71,90,0,7956
2021,United Air Lines Inc.,Domestic,334,7081,0,8961,3841,0,7141,538,13753,273,550,1220,399,506,0,44597
2021,United Air Lines Inc.,Latin America,67,1433,0,1814,778,0,1446,109,2784,55,111,247,81,102,0,9027
2021,United Air Lines Inc.,Pacific,19,396,0,501,215,0,399,30,769,15,31,68,22,28,0,2493
2021,United Parcel Service,Atlantic,0,348,0,0,260,0,13,17,0,0,19,74,2,8,0,741
2021,United Parcel Service,Domestic,0,2075,0,0,1552,0,79,103,0,0,112,440,9,49,0,4419
2021,United Parcel Service,Latin America,0,138,0,0,104,0,5,7,0,0,8,29,1,3,0,295
2021,United Parcel Service,Pacific,0,508,0,0,380,0,19,25,0,0,28,108,2,12,0,1082
2021,"Western Air Charter, Inc.  d/b/a  Jet Edge",Domestic,20,227,0,43,0,107,0,0,0,0,0,28,26,0,0,451
2021,Western Global,Domestic,14,164,0,0,132,0,11,18,0,45,5,12,0,7,0,408
2022,ABX Air Inc,Atlantic,2,26,0,0,11,0,2,0,0,0,1,1,0,1,0,44
2022,ABX Air Inc,Domestic,22,286,0,0,124,0,26,0,0,0,11,5,1,10,6,491
2022,Air Transport International,Domestic,45,479,0,0,258,0,0,37,0,9,8,53,3,122,0,1014
2022,Air Transport International,International,3,47,0,38,35,0,0,3,0,1,1,4,1,9,0,142
2022,Air Wisconsin Airlines Corp,Domestic,106,486,0,200,97,0,17,34,0,0,10,79,0,59,0,1088
2022,Alaska Airlines Inc.,Domestic,23,3093,6220,107,914,0,3178,256,1156,519,142,446,283,2033,0,18370
2022,Alaska Airlines Inc.,Latin America,1,199,400,7,59,0,204,16,74,33,9,29,18,0,0,1049
2022,Allegiant Air,Domestic,48,1122,60,1937,580,389,0,118,184,0,40,122,49,198,0,4847
2022,American Airlines Inc.,Atlantic,11,2551,0,4083,2741,0,0,142,2525,3122,178,2362,301,0,0,18016
2022,American Airlines Inc.,Domestic,41,9219,0,14759,9907,0,0,514,9129,11285,642,8538,1091,0,0,65125
2022,American Airlines Inc.,Latin America,11,2398,0,3839,2577,0,0,134,2374,2935,167,2220,283,0,0,16938
2022,American Airlines Inc.,Pacific,1,249,0,398,267,0,0,14,246,305,17,230,29,0,0,1756
2022,Amerijet International,Atlantic,2,32,0,0,22,0,5,12,0,43,1,14,7,4,1,143
2022,Amerijet International,Domestic,9,136,0,0,96,0,23,52,0,185,3,61,31,19,5,620
2022,Amerijet International,Latin America,4,63,0,0,44,0,11,24,0,85,1,28,14,9,2,285
2022,Amerijet International,Pacific,0,1,0,0,2,0,0,0,0,2,0,1,0,0,0,6
2022,Asia Pacific,System,7,28,1,0,24,0,0,5,0,0,2,8,0,0,0,75
2022,Atlas Air Inc.,Domestic,401,2593,175,333,288,0,0,40,0,353,56,59,42,26,0,4366
2022,Atlas Air Inc.,International,14,93,6,12,10,0,0,1,0,13,2,2,2,1,0,156
2022,Breeze Aviation Group DBA  Breeze,Domestic,9,304,28,14,68,7,0,0,348,0,31,3,0,181,0,993
2022,"Caribbean Sun Airlines, Inc. d/b/a World Atlantic Airlines",Domestic,11,10,21,0,18,0,3,6,2,0,0,14,0,6,0,91
2022,"Caribbean Sun Airlines, Inc. d/b/a World Atlantic Airlines",International,7,7,14,0,13,0,2,4,2,0,0,10,0,4,0,63
2022,CommuteAir LLC dba CommuteAir,Domestic,10,466,0,219,245,0,8,105,0,0,36,58,0,140,0,1287
2022,Delta Air Lines Inc.,Atlantic,77,1610,0,2736,1203,0,808,114,2924,216,251,164,213,2151,0,12467
2022,Delta Air Lines Inc.,Domestic,418,8748,0,14870,6535,0,4392,617,15889,1172,1365,890,1157,11688,0,67741
2022,Delta Air Lines Inc.,Latin America,46,958,0,1628,715,0,481,68,1739,128,149,97,127,1279,0,7415
2022,Delta Air Lines Inc.,Pacific,13,267,0,454,199,0,134,19,485,36,42,27,35,357,0,2068
2022,"Eastern Airlines f/k/a Dynamic Airways, LLC",Domestic,102,67,48,67,12,13,4,12,0,0,9,14,3,14,0,365
2022,"Eastern Airlines f/k/a Dynamic Airways, LLC",International,0,0,0,33,0,0,1,0,2,0,2,1,0,0,0,39
2022,Endeavor Air Inc.,Domestic,7,1511,1577,33,1110,0,0,80,0,0,387,112,0,95,0,4912
2022,Envoy Air,Domestic,1427,1889,0,1462,1447,0,3297,0,4092,0,231,0,0,122,0,13967
2022,Envoy Air,Latin America,35,47,0,36,36,0,82,0,102,0,6,0,0,3,0,347
2022,Federal Express Corporation,Atlantic,2260,784,43,0,697,0,1001,567,0,922,37,52,149,11121,35105,52738
2022,Federal Express Corporation,Domestic,1177,3035,135,0,1163,0,298,68,0,14241,26,8,2,4034,90179,114366
2022,Federal Express Corporation,Latin America,947,104,7,0,227,0,389,396,0,9461,15,21,92,4384,9058,25101
2022,Federal Express Corporation,Pacific,2551,1179,41,0,1028,0,1285,522,0,12,40,53,171,12889,18469,38240
2022,Frontier Airlines Inc.,Domestic,33,1862,0,3161,400,0,125,9,0,0,43,217,0,183,0,6033
2022,Frontier Airlines Inc.,Latin America,2,135,0,229,29,0,9,1,0,0,3,16,0,13,0,437
2022,GoJet Airlines LLC d/b/a United Express,System,0,234,125,7,184,0,4,46,0,0,47,14,0,177,0,838
2022,Gulf And Caribbean Cargo,Domestic,2,30,6,0,7,6,0,0,0,0,0,6,0,0,0,57
2022,Gulf And Caribbean Cargo,International,3,41,8,0,10,8,0,0,0,0,0,8,0,0,0,78
2022,Hawaiian Airlines Inc.,Domestic,101,763,0,1740,466,0,293,155,837,541,37,400,123,91,0,5547
2022,Hawaiian Airlines Inc.,Pacific,28,215,0,491,131,0,83,44,237,153,10,113,35,26,0,1566
2022,Horizon Air,Domestic,14,625,16,0,216,44,54,1574,56,0,102,22,0,13,0,2736
2022,"Jet Aviation Flight Services, Inc.",Domestic,1,342,0,64,100,11,0,0,0,0,0,2,0,0,183,703
2022,JetBlue Airways,Atlantic,1,103,1,139,25,0,3,10,166,0,0,6,3,39,0,496
2022,JetBlue Airways,Domestic,45,3096,19,4155,748,0,90,299,4952,45,633,169,94,1158,0,15503
2022,JetBlue Airways,Latin America,12,830,5,1113,201,0,60,80,1328,0,0,45,25,310,0,4009
2022,Kalitta Air LLC,Domestic,1,94,1,0,138,0,35,23,0,13,38,18,0,1,0,362
2022,Kalitta Air LLC,International,6,577,8,0,850,0,213,139,0,79,232,107,0,101,0,2312
2022,Kalitta Charters II,Domestic,7,60,7,4,27,8,7,0,0,4,10,13,6,0,0,153
2022,Kalitta Charters II,International,0,0,0,0,0,0,0,0,0,0,0,0,0,0,0,0
2022,Lynden Air Cargo Airlines,Domestic,4,41,25,0,51,0,0,8,0,18,0,30,0,0,0,177
2022,Lynden Air Cargo Airlines,International,2,17,10,0,21,0,0,4,0,8,0,12,0,0,0,74
2022,Mesa Airlines Inc.,Domestic,167,874,0,702,295,0,57,26,0,0,22,99,0,96,0,2338
2022,Mesa Airlines Inc.,Latin America,10,54,0,44,18,0,4,2,0,0,1,6,0,6,0,145
2022,National Air Cargo Group Inc d/ba National Airlines,Domestic,4,25,5,27,32,0,9,5,0,10,4,7,5,21,0,154
2022,National Air Cargo Group Inc d/ba National Airlines,International,4,64,5,13,32,0,10,5,0,20,3,8,5,20,0,189
2022,Omni Air International LLC,Domestic,1,24,0,27,15,0,1,3,1,0,1,5,0,1,0,79
2022,Omni Air International LLC,International,21,326,0,369,200,0,11,58,17,0,18,67,3,15,0,1105
2022,PSA Airlines Inc.,Domestic,8,1601,0,1305,535,0,117,56,0,0,172,184,0,245,0,4223
2022,Piedmont Airlines,Domestic,9,602,0,300,318,0,0,50,5,0,66,79,0,780,0,2209
2022,Polar Air Cargo Airways,Atlantic,0,0,0,0,0,0,0,0,0,0,0,0,0,0,0,0
2022,Polar Air Cargo Airways,Domestic,24,0,0,2,1,0,0,0,0,36,0,4,42,1,0,110
2022,Polar Air Cargo Airways,Pacific,17,0,0,0,0,0,0,0,0,43,0,0,80,0,0,140
2022,Republic Airline,Domestic,112,2241,6,2078,830,0,0,196,10,0,79,265,0,145,0,5962
2022,Rhoades Aviation dba Transair,Domestic,2,42,0,13,10,15,0,0,0,0,8,4,0,8,0,102
2022,Rhoades Aviation dba Transair,International,3,49,0,16,11,18,0,0,0,0,9,4,0,11,0,121
2022,"Scott Aviation, LLC  d/b/a  Silver Air",Domestic,0,39,0,63,2,4,0,0,0,0,0,0,0,0,0,108
2022,"Scott Aviation, LLC  d/b/a  Silver Air",International,0,0,0,0,0,0,0,0,0,0,0,0,0,0,0,0
2022,Silver Airways,Domestic,12,150,0,58,56,22,0,34,117,2,18,10,0,61,0,540
2022,Silver Airways,International,1,0,0,1,20,17,0,2,94,1,2,2,0,23,0,163
2022,Sky Lease Cargo,Domestic,7,58,18,0,17,98,0,11,0,87,0,0,0,56,0,352
2022,SkyWest Airlines Inc.,Domestic,6,4667,0,3992,2152,0,229,170,1087,0,63,69,0,181,0,12616
2022,SkyWest Airlines Inc.,Latin America,0,37,0,32,17,0,2,1,9,0,1,1,0,1,0,101
2022,Southwest Airlines Co.,Domestic,2056,8511,0,16304,2637,0,1369,502,10333,11504,229,932,11,5946,0,60334
2022,Southwest Airlines Co.,Latin America,50,208,0,398,64,0,33,12,252,281,6,23,0,145,0,1472
2022,Spirit Air Lines,Domestic,1381,2710,0,4770,548,0,0,72,243,0,79,31,0,262,0,10096
2022,Spirit Air Lines,Latin America,216,423,0,745,86,0,0,11,38,0,12,5,0,41,0,1577
2022,Sun Country Airlines d/b/a MN Airlines,Domestic,75,450,0,570,261,0,202,25,13,11,0,42,131,34,0,1814
2022,Sun Country Airlines d/b/a MN Airlines,Latin America,11,64,0,80,37,0,28,4,2,2,0,6,19,5,0,258
2022,"Swift Air, LLC d/b/a Eastern Air Lines d/b/a Eastern",Domestic,8,118,0,136,79,0,81,19,26,1,9,22,1,24,0,524
2022,"Swift Air, LLC d/b/a Eastern Air Lines d/b/a Eastern",International,3,41,0,47,27,0,28,7,9,1,3,8,0,8,0,182
2022,Tatonduk Outfitters Limited d/b/a Everts Air Alaska and Everts Air Cargo,Domestic,7,50,15,0,97,80,0,0,0,0,7,52,5,62,0,375
2022,USA Jet Airlines Inc.,Domestic,8,65,0,0,74,0,0,25,0,19,6,27,0,15,0,239
2022,United Air Lines Inc.,Atlantic,59,1994,0,3250,1035,0,1527,137,3802,56,145,117,89,61,0,12272
2022,United Air Lines Inc.,Domestic,248,8400,0,13692,4358,0,6432,578,16017,238,612,494,375,257,0,51701
2022,United Air Lines Inc.,Latin America,43,1470,0,2396,763,0,1126,101,2803,42,107,87,66,45,0,9049
2022,United Air Lines Inc.,Pacific,22,760,0,1239,394,0,582,52,1449,22,55,45,34,23,0,4677
2022,United Parcel Service,Atlantic,0,429,0,0,314,0,16,21,0,0,21,85,2,9,0,897
2022,United Parcel Service,Domestic,0,2171,0,0,1586,0,79,104,0,0,106,430,9,46,0,4531
2022,United Parcel Service,Latin America,0,154,0,0,113,0,6,7,0,0,8,31,1,3,0,323
2022,United Parcel Service,Pacific,0,557,0,0,407,0,20,27,0,0,27,110,2,12,0,1162
2022,"Western Air Charter, Inc.  d/b/a  Jet Edge",Domestic,18,330,0,155,0,114,0,0,0,0,0,0,0,0,0,617
2022,"Western Air Charter, Inc.  d/b/a  Jet Edge",International,0,0,0,0,0,0,0,0,0,0,0,0,0,0,0,0
2022,Western Global,Domestic,15,147,0,0,154,0,15,12,0,41,5,13,0,7,0,409
